:020000040800F2
:1000000000000120B1C00008E5350008F135000806
:10001000F5350008F9350008FD350008000000003E
:100020000000000000000000000000000136000891
:100030000536000800000000093600080D360008EB
:1000400001C1000801C1000801C1000801C1000888
:1000500001C1000801C1000801C1000801C1000878
:1000600001C1000801C1000801C1000811360008E3
:1000700001C100081D36000801C1000801C10008C7
:1000800029360008353600084136000801C100084D
:1000900001C1000801C1000801C100084D36000877
:1000A00001C1000801C1000801C1000801C1000828
:1000B00001C10008000000000000000001C10008AC
:1000C00001C10008000000000000000065360008C3
:1000D0000000000001C100087136000800000000A7
:1000E0007D36000801C1000800000000000000008B
:1000F0000000000000000000000000000000000000
:1001000000000000000000000000000001C1000825
:10011000000000000000000001C1000801C100084B
:1001200001C1000801C1000801C1000885360008AE
:1001300001C10008000000000000000000000000F5
:1001400001C1000801C1000801C1000801C1000887
:1001500001C1000801C1000801C1000801C1000877
:1001600001C1000801C1000801C100080000000031
:1001700001C1000801C100080000000000000000EB
:0C01800001C1000801C1000801C1000815
:1001C0000348044B834202D0034B03B118477047E6
:1001D0008400002084000020000000000548064B39
:1001E0001B1AD90F01EBA301491002D0034B03B135
:1001F00018477047840000208400002000000000A1
:1002000010B5064C237843B9FFF7DAFF044B13B15E
:100210000448AFF300800123237010BD8800002044
:100220000000000004C1000808B5044B1BB10449DC
:100230000448AFF30080BDE80840CFE700000000AD
:100240008C00002004C1000810EE101AC1F3C75240
:100250000029A2F17F0CACBF01204FF0FF30BCF1B0
:100260001E0F0FDCBCF1000F1DDBC1F31603BCF148
:10027000160F43F400030ADD963A03FA02F202FB7A
:1002800000F07047FDEEC07A17EE900A70474FF409
:10029000800242FA0CF21A44CCF1170C22FA0CF24A
:1002A00002FB00F07047BCF1FF3F18BF0020704711
:1002B00038B52DED028B55EC104B00F02DF8224691
:1002C0002B4620462946B0EE408AF0EE608A01F0C7
:1002D000CFFB30B9002200232046294601F0A0FBC5
:1002E00030B9B0EE480AF0EE680ABDEC028B38BDBA
:1002F00001F0C4FE002200232121016010461946AE
:1003000001F046FA41EC180BB0EE480AF0EE680A2C
:10031000BDEC028B38BD00BF2DE9F047774855ECA6
:10032000104BA84300F0A480002D21462A46234606
:1003300056DD2C1500F0D080C2F31302E107A4F2C1
:10034000FF3742F4801203D4D90F01EB42025B0065
:100350005200002602EBD3727F105B001624B446D5
:100360004FF400110CEB010090424FEAD3754FEAB5
:10037000430303DC00EB010C121A0E44013C05EBB5
:1003800042024FEA5101EDD1A04620254FF0004036
:100390000AE03CD0510001EBD371013D0A464FEA1F
:1003A00043034FEA50003ED0944508EB000EF0DACC
:1003B000BEF1000F0EEB00080CDBE146A2EB0C01D6
:1003C0009E4588BF01F1FF314900CC46A3EB0E03E7
:1003D0000444E0E7B8F1000FEFDB0CF10109EDE7B1
:1003E00025F0004020433DD0002D68D1D90A153AB0
:1003F0005B050029FAD0CE02144618460A466CD591
:1004000020254FF0FF31E840641A024394E79E45EF
:1004100002D94FEA4C01BEE7BEF1000F0EEB000817
:1004200022DB0021D2E7194310D0DFF8D4A0DAE9AB
:100430000001DAE9022300F0C9FEDAE90089024688
:100440000B464046494601F0F5FAF8B965087110C7
:1004500001F17F5101F5001101EB075345EAC67226
:1004600043EC102BBDE8F087B8F1000FB5DAD8E700
:1004700022462B462046294601F060F822462B46AC
:1004800000F0A6FE41EC100BBDE8F087B4F1FF3F91
:10049000DAE90001DAE902232BD000F099FEDAE96B
:1004A000008902460B464046494601F0B9FA10B3AE
:1004B000A31C04F1020508BF01366D08C7E72246F8
:1004C0002B462046294600F081FE02460B4601F0ED
:1004D0005FF941EC100BC5E7084600235200D50236
:1004E000194603F10103F9D5C3F1200500FA03F31E
:1004F00089E70136ABE70134A8E700BF0000F07FD1
:1005000020C1000810EE102AC2F3C7537F3B162B00
:1005100022F0004132DC002B104618DB1A49194149
:100520000A422AD0DFED197A70EE277AF5EEC07A0A
:10053000F1EE10FA21DD002A04DD4FF4000242FA48
:1005400003F3184420EA010300EE103A7047DFED90
:100550000F7A70EE277AF5EEC07AF1EE10FA0CDD24
:10056000002A08DBDFED0A7A0029B7EE000A08BF8F
:10057000B0EE670A70479FED070A7047B1F1FF4F71
:10058000FBD330EE000A7047FFFF7F00CAF24971CB
:10059000000000000000008010EE103A194923F01E
:1005A00000428A421BD9B2F1FF4F02D330EE400A1B
:1005B000704700B583B0684600F070F800F00300A3
:1005C0000128DDED010A9DED000A13D002280BD0B1
:1005D00098B9012000F01AF803B05DF804FBDFEDD4
:1005E0000A0A002000F012B8012000F00FF8B1EE66
:1005F000400AF1E700F01AFDEEE700F017FDB1EE5A
:10060000400AE9E7D80F493F0000000010EE103A19
:1006100023F00043B3F1485F04D2FDEEC07A17EE39
:10062000903A5BB360EE007A9FED157ADFED155AD4
:100630009FED156ADFED156AE7EE875A9FED147A94
:10064000A5EEA76A20EE275AE6EE276AA6EEA77A5D
:1006500030B9DFED106AE7EE876AA6EE850A7047CB
:1006600027EE457AF6EE006AA0EEA67ADFED0A6A7A
:10067000D7EE270AE5EE260A30EE600A704700BF83
:10068000D3C92E2F342FD7B21BEF3836010D50B9F6
:100690008988083CABAA2ABEABAA2A3E70B510EEE8
:1006A000103A884A23F00044944286B0054671D936
:1006B000854A94421E4624D823F00042002BDFEDE9
:1006C000837A834922F00F02B0EE407A40F3E08053
:1006D0008A4270EE677A09BF9FED7E7ADFED7E6A0F
:1006E000DFED7E6A77EEC77A37EEE67A77EEC77A85
:1006F00080ED007A77EEE67AC0ED017A012006B04F
:1007000070BD774A944252D9B4F1FF4F48D2E215F6
:10071000863AA4EBC25307EE903ABDEEE77ADFEDDE
:10072000716AB8EEC77A77EEC77A8DED037A67EE15
:10073000A67ABDEEE77AB8EEC77A77EEC77A8DED86
:10074000047A67EEA67AF5EE407AF1EE10FACDED76
:10075000057A40F09880B5EE407AF1EE10FA0CBFC1
:1007600001230223604901910221009103A8294637
:1007700000F0CCF8002EC2DA95ED007AD5ED017AC2
:10078000B1EE477AF1EE677A85ED007AC5ED017A30
:100790004042B4E7002285ED000A42600020AEE747
:1007A00070EE407AC0ED017AC0ED007AF6E700F015
:1007B000A5F89FED4E7A9FED456AF6EE007AE0EEE1
:1007C000077A9FED457AFDEEE77A17EE900AF8EE8C
:1007D000E76A1F28A6EEC60A66EE877AB1EE666A59
:1007E00020DC434A411E26F0004352F8212023F02A
:1007F000FF03934216D030EE677A30EE470A002EA0
:1008000030EE670A85ED007A85ED010ABFF677AF15
:10081000B1EE477AB1EE400A85ED007A85ED010A26
:1008200040426CE730EE677AE21517EE103AC3F3F8
:10083000C753C3EBD453082BDFDD9FED267A9FED22
:10084000275AF0EE405AE6EE075A70EE657AE6EE69
:10085000077AD6EE857A35EEE77A17EE103AC3F3CB
:10086000C753D21A192A10DD9FED227A9FED225A22
:10087000B0EE650AA6EE070A75EEC07AE6EE077AD4
:10088000D6EE857AB7E703236CE7B0EE650AB4E7E6
:100890008A4270EE277A09BF9FED0E7ADFED0E6A6D
:1008A000DFED0E6A77EE877A37EEA67A77EEC77AB3
:1008B00080ED007A77EEA67AC0ED017A4FF0FF3036
:1008C0001DE700BFD80F493FE3CB1640800FC93F5B
:1008D000D00FC93F004435374344353708A3852E30
:1008E000800F494300008043B0C1000884F9223FD3
:1008F00030C1000800A3852E32318D2410EE103A4D
:1009000023F0004300EE103A704700BF2DE9F04F8E
:100910002DED048BDBB01C46944603930A46CD4B69
:1009200068991CF1040F53F82160824604F1FF38E6
:10093000C0F24982BCF1030348BF0CF10403DB1091
:10094000029301334FEAC30EACEB0E030593029BF7
:1009500016EB0800A3EB080316D401309FEDBE7A16
:10096000699C18441EA9002BA4BF54F8235007EE1D
:10097000905A03F10103ACBFF8EEE77AF0EE477A44
:100980008342E1EC017AEED1002EC0F2B182039BEA
:100990001EA901EB830446AD4FEA83094046F718D0
:1009A0000AEB8301B8F1000FDFEDAB7A09DBA34658
:1009B0005346F3EC016A3BED017A8B42E6EE877A0F
:1009C000F7D10130B842E5EC017A04F10404E9D131
:1009D0000DF1280B0BEB8603CDE9062E043B9FEDB2
:1009E000A09ADFED9E8A059804930AEB090446AFAE
:1009F0000BEB86090096CDF820C05AAB03EB8603BB
:100A0000002E13ED140A4FEA860515DD7B195A46B0
:100A100060EE097AB0EE407AFDEEE77A73ED016A96
:100A2000F8EEE77ABB42A7EEE87A37EEA60ABDEE0B
:100A3000C77AA2EC017AEBD1019000F085FAF4EECE
:100A4000007AB0EE408A20EE270A00F071FBF2EE49
:100A5000007AA0EE678A01980028FDEEC89AF8EEA9
:100A6000E97A38EE678A6CDD06F1FF3EC0F10803D3
:100A70005BF82E2042FA03FC0CFA03F3D21AC0F101
:100A8000070119EE903A4BF82E200A416344002AE0
:100A900009EE903A00F3F080B5EE408AF1EE10FADC
:100AA00040F09D80009B9E420ADD5D44002355F886
:100AB000041D4D4543EA0103F9D1002B40F0F280BB
:100AC000009B013B5BF82330002B40F0E780049B48
:100AD000012153F8042D0131002AFAD0731C31444E
:100AE0009C46029D039A05EB030E0EF1804E699D14
:100AF00032440EF1FF3E07EB83061EAB05EB8E0E74
:100B000003EB8205DEED017AF8EEE77AB8F1000F2B
:100B10000EF1040EE5EC017ADFED4F7A09DB2A468F
:100B20005346F3EC016A32ED017AA342E6EE877A8E
:100B3000F7D10CF1010C6145E6EC017AE2DA0E46E0
:100B40005BE740F08F80731E5BF82320D211002AF0
:100B5000A2DD19EE903A002E03F1010309EE903A5E
:100B600040F3D48159464FF0000E51F8043B002B5E
:100B70006AD0C3F5807341F8043C04E00B68C3F10C
:100B8000FF0341F8043B0EF1010E7645F6DC01232C
:100B90009E4600280ADD012878D0022806D1711E61
:100BA0005BF8213003F03F0C4BF821C0022A7FF4A0
:100BB00073AFB7EE000A734630EE488A002B3FF45D
:100BC0006BAF0992019000F0BFF938EE408A0198AE
:100BD000099AB5EE408AF1EE10FA3FF463AF9246FF
:100BE000DDE9062EDDF820C00196AEEB0C00B0EE7C
:100BF000480A009E009200F0A7F9DFED186AB4EEF3
:100C0000E60AF1EE10FADDE90023F0EE407AC0F2D8
:100C100050819FED137A059920EE077A0831BDEED9
:100C2000C77A0591B8EEC77A5C1CE7EE667ABDEE2E
:100C3000C77AFDEEE77A17EE901A4BF8231017EEFD
:100C4000103A4BF8243046E00EF1010EB6458CDB2D
:100C50009E469EE7C8C400080000000000008043D4
:100C60000000803BF6EE007AB4EEE78AF1EE10FA6F
:100C700080F2988000220FE70133002E09EE903AAF
:100C80003FF770AF002301289E4686D1711E5BF8A6
:100C9000213003F07F0C4BF821C087E7731C9C4682
:100CA00019461EE733469246DDE905125C1EA1F1A6
:100CB00008005BF82410009E059061B903F18043A1
:100CC000013B0BEB8303014653F8040D013C08394B
:100CD0000028F9D0059105980092B7EE000A00F0BF
:100CE00033F9002C009AB0EE407AC0F20581601C06
:100CF00046AD5FED256A81000BEB800305EB8000BC
:100D000073ED017AF8EEE77A5B4567EE877A27EEB6
:100D1000267A60ED017AF3D10DF1C8080B1F46A8C1
:100D2000C718C646A44600259146002E73DB844AA8
:100D3000DFED847A3846002301E0AB4208DCF2ECB8
:100D4000016AB0EC017A01339E42E6EE877AF4DA6A
:100D50000CF1FF3CBCF1FF3FEEEC017A05F101051F
:100D6000A7F10407E1D1689B022B4A4656DC002B11
:100D70002EDC0ED1DFED737A414431ED017A41452D
:100D800077EE877AF9D15346002B40F0AE80C2ED62
:100D9000007A19EE903A03F007005BB0BDEC048BCB
:100DA000BDE8F08F19EE903A002E03F1010309EE31
:100DB000903AC8BF02223FF7D5AEF7EE007A37EE81
:100DC000C88A022268E600234FF0080E0293BBE5B2
:100DD0009FED5C7A414471ED017A414537EE277A07
:100DE000F9D1DDED327A534677EEC77A002B75D113
:100DF00082ED007A64B133A90123B1EC017A0133A9
:100E00009C4277EE877AF8DA53460BB1F1EE677AB7
:100E1000C2ED017ABDE7DFED4B7A99E7689B032BC2
:100E2000B7D1002C7ED008EB840595ED007AA000A8
:100E30002B46294671ED017AF0EE476A37EE277AA4
:100E4000414577EEC77A81ED007A77EEA67AC1ED5B
:100E5000017AEFD1012C65D095ED007A08F10401FB
:100E600073ED017AF0EE476A37EE277A994277EE12
:100E7000C77A83ED007A77EEA67AC3ED017AEFD1D7
:100E8000031DDFED307A434408F1080833ED017AA1
:100E9000984577EE877AF9D15346DDED326A9DEDBC
:100EA000337A73B9C2ED006A82ED017AC2ED027A3B
:100EB0006FE7FDEEC07A1C4617EE901A4BF8231030
:100EC00009E7F1EE666AB1EE477AF1EE677AC2EDB4
:100ED000006A82ED017AC2ED027A5AE7B1EE477AF2
:100EE00082ED007A002C86D190E7F1EE677A4EE72A
:100EF000039B4FEA83096BE5689B022B0EDC002BFA
:100F000013DC7FF446AFDFED0F7A3CE7022A7FF473
:100F1000C3ADF7EE007A37EEC88ABDE5689B032BB8
:100F20007FF437AFDFED077AB6E75346DDED327A6F
:100F300013B9002313606BE74FF00043136065E7BC
:100F4000D4C400080000000010EE103A33F0004155
:100F50001A4627D0B1F1FF4F21D213F0FF4F22D113
:100F6000DFED2B7A2B4A60EE277A904217EE903A0B
:100F700033DB4CF2503CC3F3C75160451A46A1F134
:100F8000190116DDDFED247ADFED246A002BB0EEC7
:100F9000677AB8BFF0EE667A27EE870A704730EEC0
:100FA000000A704770474CF2503C60454FEAD151FF
:100FB000E8DC0144FE29E5DC002915DC11F1160FFF
:100FC00019DB193122F0FF4242EAC15207EE902AA2
:100FD0009FED130A27EE800A7047DFED127A07EEC5
:100FE000103A27EE270A704722F0FF4242EAC15327
:100FF00000EE103A7047DFED0B7ADFED0B6A002B45
:10100000B0EE677AB8BFF0EE667A27EE870A7047CF
:101010000000004CB03CFFFFCAF24971CAF249F12E
:10102000000000336042A20D6042A28D10EE103A23
:1010300023F00043B3F1485F2CD2FDEEC07A17EEE7
:10104000903A002B60D060EE007A9FED317A9FEDF0
:10105000315ADFED315A9FED316ADFED316AA7EE8B
:10106000875A9FED307AE7EE855AA7EEA56AA7EE7C
:10107000867AE7EE876A67EEA66A60EEC00AB6EE89
:10108000007AE7EEA60AB7EE000AD7EE870A30EE3E
:10109000600A704760EE007A9FED1D7A9FED1D5A41
:1010A000DFED1D5A9FED1D6ADFED1D6A1E4AA7EE9A
:1010B000875A93429FED1B7AE5EE275AA5EEA76A61
:1010C000A6EE277AE7EE276A66EEA76AD5D9174A11
:1010D000934214D803F17F4307EE103AB7EE006A4B
:1010E00036EE476A60EEC00AF6EE005A97EEA57A31
:1010F000E7EEA60A37EE607A36EE470A7047B6EE9C
:10110000076AB5EE027AEDE7B7EE000A704700BF56
:101110004ED747ADF6740F317CF293B4010DD03742
:10112000ABAA2A3D610BB6BA9999993E0000483F97
:1011300010EE102AC2F3C7537F3B162B22F000415A
:1011400029DC002B104618DB1A4919410A4221D02C
:10115000DFED197A70EE277AF5EEC07AF1EE10FA2B
:1011600018DD002A04DA4FF4000242FA03F31844AF
:1011700020EA010300EE103A7047DFED0F7A70EEBF
:10118000277AF5EEC07AF1EE10FA03DD002A08DBCB
:101190009FED0A0A7047B1F1FF4FFBD330EE000A12
:1011A0007047DFED077A0029BFEE000A08BFB0EEF6
:1011B000670A7047FFFF7F00CAF249710000000014
:1011C0000000008081F0004102E000BF83F0004396
:1011D00030B54FEA41044FEA430594EA050F08BFD2
:1011E00090EA020F1FBF54EA000C55EA020C7FEA96
:1011F000645C7FEA655C00F0E2804FEA5454D4EB13
:101200005555B8BF6D420CDD2C4480EA020281EADC
:10121000030382EA000083EA010180EA020281EA14
:101220000303362D88BF30BD11F0004F4FEA013166
:101230004FF4801C4CEA113102D0404261EB410175
:1012400013F0004F4FEA03334CEA133302D05242FB
:1012500063EB430394EA050F00F0A780A4F10104B7
:10126000D5F1200E0DDB02FA0EFC22FA05F28018F1
:1012700041F1000103FA0EF2801843FA05F35941D7
:101280000EE0A5F120050EF1200E012A03FA0EFC56
:1012900028BF4CF0020C43FA05F3C01851EBE37180
:1012A00001F0004507D54FF0000EDCF1000C7EEB9D
:1012B00000006EEB0101B1F5801F1BD3B1F5001FDB
:1012C0000CD349085FEA30004FEA3C0C04F10104FA
:1012D0004FEA445212F5800F80F09A80BCF1004F23
:1012E00008BF5FEA500C50F1000041EB045141EAA5
:1012F000050130BD5FEA4C0C404141EB0101013C6E
:1013000028BFB1F5801FE9D291F0000F04BF01465C
:101310000020B1FA81F308BF2033A3F10B03B3F12E
:1013200020020CDA0C3208DD02F1140CC2F10C02BE
:1013300001FA0CF021FA02F10CE002F11402D8BF1C
:10134000C2F1200C01FA02F120FA0CFCDCBF41EAE8
:101350000C019040E41AA2BF01EB0451294330BDB7
:101360006FEA04041F3C1CDA0C340EDC04F1140494
:10137000C4F1200220FA04F001FA02F340EA03006B
:1013800021FA04F345EA030130BDC4F10C04C4F1B1
:10139000200220FA02F001FA04F340EA0300294691
:1013A00030BD21FA04F0294630BD94F0000F83F4DB
:1013B000801306BF81F480110134013D4EE77FEABE
:1013C000645C18BF7FEA655C29D094EA050F08BF0A
:1013D00090EA020F05D054EA000C04BF19461046EB
:1013E00030BD91EA030F1EBF0021002030BD5FEA2F
:1013F000545C05D14000494128BF41F0004130BD57
:1014000014F580043CBF01F5801130BD01F00045AA
:1014100045F0FE4141F470014FF0000030BD7FEA1D
:10142000645C1ABF194610467FEA655C1CBF0B4618
:10143000024650EA013406BF52EA033591EA030F2F
:1014400041F4002130BD00BF90F0000F04BF002127
:10145000704730B54FF4806404F132044FF000055A
:101460004FF0000150E700BF90F0000F04BF0021D3
:10147000704730B54FF4806404F1320410F0004539
:1014800048BF40424FF000013EE700BF42004FEA34
:10149000E2014FEA31014FEA02701FBF12F07F43B1
:1014A00093F07F4F81F06051704732F07F4208BF68
:1014B000704793F07F4F04BF41F40021704730B56F
:1014C0004FF4607401F0004521F000411CE700BFBB
:1014D00050EA010208BF704730B54FF000050AE03E
:1014E00050EA010208BF704730B511F0004502D53F
:1014F000404261EB41014FF4806404F132045FEA41
:10150000915C3FF4D8AE4FF003025FEADC0C18BFE9
:1015100003325FEADC0C18BF033202EBDC02C2F1DB
:10152000200300FA03FC20FA02F001FA03FE40EA6D
:101530000E0021FA02F11444BDE600BF70B54FF071
:10154000FF0C4CF4E06C1CEA11541DBF1CEA13554F
:1015500094EA0C0F95EA0C0F00F0DEF82C4481EAB7
:10156000030621EA4C5123EA4C5350EA013518BFD7
:1015700052EA033541F4801143F4801338D0A0FBC4
:1015800002CE4FF00005E1FB02E506F00042E0FB71
:1015900003E54FF00006E1FB03569CF0000F18BF77
:1015A0004EF0010EA4F1FF04B6F5007F64F540741F
:1015B00004D25FEA4E0E6D4146EB060642EAC621B2
:1015C00041EA55514FEAC52040EA5E504FEACE2E1F
:1015D000B4F1FD0C88BFBCF5E06F1ED8BEF1004F22
:1015E00008BF5FEA500E50F1000041EB045170BD9E
:1015F00006F0004646EA010140EA020081EA0301E2
:10160000B4EB5C04C2BFD4EB0C0541EA045170BDDD
:1016100041F480114FF0000E013C00F3AB8014F157
:10162000360FDEBF002001F0004170BDC4F10004A0
:10163000203C35DA0C341BDC04F11404C4F1200521
:1016400000FA05F320FA04F001FA05F240EA02007C
:1016500001F0004221F0004110EBD37021FA04F6B2
:1016600042EB06015EEA430E08BF20EAD37070BD6C
:10167000C4F10C04C4F1200500FA04F320FA05F0CB
:1016800001FA04F240EA020001F0004110EBD370CD
:1016900041F100015EEA430E08BF20EAD37070BD3D
:1016A000C4F1200500FA05F24EEA020E20FA04F316
:1016B00001FA05F243EA020321FA04F001F00041C5
:1016C00021FA04F220EA020000EBD3705EEA430E36
:1016D00008BF20EAD37070BD94F0000F0FD101F065
:1016E0000046400041EB010111F4801F08BF013C9E
:1016F000F7D041EA060195F0000F18BF704703F0DC
:101700000046520043EB030313F4801F08BF013D62
:10171000F7D043EA0603704794EA0C0F0CEA13551E
:1017200018BF95EA0C0F0CD050EA410618BF52EAD8
:101730004306D1D181EA030101F000414FF00000DE
:1017400070BD50EA410606BF1046194652EA4306EC
:1017500019D094EA0C0F02D150EA013613D195EA60
:101760000C0F05D152EA03361CBF104619460AD1A8
:1017700081EA030101F0004141F0FE4141F47001B2
:101780004FF0000070BD41F0FE4141F4780170BDA2
:1017900070B54FF0FF0C4CF4E06C1CEA11541DBF07
:1017A0001CEA135594EA0C0F95EA0C0F00F0A7F809
:1017B000A4EB050481EA030E52EA03354FEA013136
:1017C00000F088804FEA03334FF0805545EA131349
:1017D00043EA12634FEA022245EA111545EA106511
:1017E0004FEA00260EF000419D4208BF964244F1A8
:1017F000FD0404F5407402D25B084FEA3202B61AC7
:1018000065EB03055B084FEA32024FF480104FF49A
:10181000002CB6EB020E75EB030E22BFB61A75460E
:1018200040EA0C005B084FEA3202B6EB020E75EBA1
:10183000030E22BFB61A754640EA5C005B084FEA09
:101840003202B6EB020E75EB030E22BFB61A7546D6
:1018500040EA9C005B084FEA3202B6EB020E75EBE1
:10186000030E22BFB61A754640EADC0055EA060EA2
:1018700018D04FEA051545EA16754FEA06164FEAE5
:10188000C30343EA52734FEAC2025FEA1C1CC0D191
:1018900011F4801F0BD141EA00014FF000004FF01E
:1018A000004CB6E711F4801F04BF01430020B4F1DF
:1018B000FD0C88BFBCF5E06F3FF6AFAEB5EB030C97
:1018C00004BFB6EB020C5FEA500C50F1000041EB94
:1018D000045170BD0EF0004E4EEA113114EB5C0461
:1018E000C2BFD4EB0C0541EA045170BD41F4801134
:1018F0004FF0000E013C90E645EA060E8DE60CEA3C
:10190000135594EA0C0F08BF95EA0C0F3FF43BAF58
:1019100094EA0C0F0AD150EA01347FF434AF95EA0F
:101920000C0F7FF425AF104619462CE795EA0C0FF3
:1019300006D152EA03353FF4FDAE1046194622E7C0
:1019400050EA410618BF52EA43067FF4C5AE50EA9A
:1019500041047FF40DAF52EA43057FF4EBAE12E78A
:101960004FF0FF3C06E000BF4FF0010C02E000BF6B
:101970004FF0010C4DF804CD4FEA410C7FEA6C5C4E
:101980004FEA430C18BF7FEA6C5C1BD001B050EAF1
:10199000410C0CBF52EA430C91EA030F02BF90EADC
:1019A000020F0020704710F1000F91EA030F58BF9B
:1019B000994208BF90422CBFD8176FEAE37040F0FD
:1019C000010070474FEA410C7FEA6C5C02D150EA9B
:1019D000013C07D14FEA430C7FEA6C5CD6D152EA56
:1019E000033CD3D05DF8040B704700BF844610461B
:1019F00062468C461946634600E000BF01B5FFF71A
:101A0000B7FF002848BF10F1000F01BD4DF808EDE9
:101A1000FFF7F4FF0CBF012000205DF808FB00BFBA
:101A20004DF808EDFFF7EAFF34BF012000205DF814
:101A300008FB00BF4DF808EDFFF7E0FF94BF012061
:101A400000205DF808FB00BF4DF808EDFFF7CEFF62
:101A500094BF012000205DF808FB00BF4DF808EDA1
:101A6000FFF7C4FF34BF012000205DF808FB00BF72
:101A70004FEA410C7FEA6C5C02D150EA013C0AD18A
:101A80004FEA430C7FEA6C5C02D152EA033C02D17C
:101A90004FF0000070474FF0010070474FEA4102DD
:101AA00012F5001215D211D56FF47873B3EB6252B0
:101AB00012D94FEAC12343F0004343EA505311F0D7
:101AC000004F23FA02F018BF404270474FF0000069
:101AD000704750EA013005D111F0004008BF6FF0A7
:101AE000004070474FF00000704700BF4FEA4102CE
:101AF000B2F1E04324BFB3F5001CDCF1FE5C0DD96C
:101B000001F0004C4FEAC0024CEA5070B2F1004FB5
:101B100040EB830008BF20F00100704711F0804FB8
:101B200021D113F13872BCBF01F00040704741F47D
:101B300080114FEA5252C2F11802C2F1200C10FA81
:101B40000CF320FA02F018BF40F001004FEAC12365
:101B50004FEAD32303FA0CFC40EA0C0023FA02F309
:101B60004FEA4303CCE77FEA625307D150EA0133DF
:101B70001EBF4FF0FE4040F44000704701F00040AF
:101B800040F0FE4040F40000704700BF53B94AB92E
:101B9000002908BF00281CBF4FF0FF314FF0FF3075
:101BA00000F06AB9ADF1080C6DE904CE00F006F85A
:101BB000DDF804E0DDE9022304B070472DE9F047C9
:101BC000089D0E4604460F46002B4AD194468C458C
:101BD000B2FA82F260D942B1C2F12003974020FAF2
:101BE00003F30CFA02FC1F4394404FEA1C4E1FFA09
:101BF0008CF6B7FBFEF1230C0EFB117743EA07438B
:101C000001FB06F098420AD91CEB030301F1FF37F0
:101C100080F01581984240F21281023963441B1A08
:101C2000A4B2B3FBFEF00EFB103344EA034400FB06
:101C300006F6A6420AD91CEB040400F1FF3380F03B
:101C40000081A64240F2FD806444023840EA01402F
:101C5000A41B00211DB1D4400023C5E90043BDE809
:101C6000F0878B4205D90DB1C5E900010021084676
:101C7000F5E7B3FA83F1002946D1B34202D3824299
:101C800000F2F580841A66EB030201201746002D4E
:101C9000E5D0C5E90047E2E7002A40F09380A1EBD8
:101CA0000C034FEA1C471FFA8CFE0121B3FBF7F629
:101CB00007FB1630230C43EA00430EFB06F0984264
:101CC00008D91CEB030306F1FF3802D2984200F258
:101CD000D08046461B1AA4B2B3FBF7F007FB1033C3
:101CE00044EA03440EFB00FEA64508D91CEB04049D
:101CF00000F1FF3302D2A64500F2B6801846A4EBED
:101D00000E0440EA0640A5E7C1F120078B4022FA05
:101D100007FC4CEA030C06FA01FE20FA07F426FA47
:101D200007F344EA0E0400FA01F84FEA1C404FEAB8
:101D30001449B3FBF0FE1FFA8CF600FB1E3349EA90
:101D400003430EFB06F9994502FA01F20BD91CEB8D
:101D500003030EF1FF3A80F08580994540F28280BE
:101D6000AEF1020E6344A3EB0909A4B2B9FBF0F390
:101D700000FB139944EA094403FB06F6A64208D97E
:101D80001CEB040403F1FF3068D2A64266D9023B83
:101D9000644443EA0E40A41BA0FB02E6B44273462F
:101DA000B14652D34FD05DB1B8EB030264EB0904E6
:101DB00004FA07F722FA01F31F43CC40C5E9007487
:101DC00000214CE7C2F1200120FA01F30CFA02FCD9
:101DD00026FA01F1964033434FEA1C471FFA8CFE66
:101DE000B1FBF7F007FB1016190C41EA064100FBA6
:101DF0000EF68E4204FA02F408D91CEB010100F140
:101E0000FF382DD28E422BD902386144891B9BB2F8
:101E1000B1FBF7F607FB161143EA014306FB0EF18F
:101E2000994208D91CEB030306F1FF3814D29942FA
:101E300012D9023E63445B1A46EA004136E739464E
:101E4000EDE6184602E7F045ADD2BEEB020366EBC5
:101E50000C060138B146A6E74646ECE7034698E78C
:101E60004046D3E7D6467EE76444023847E7084653
:101E70000DE7023E63442DE7704700BF70B50F4B7E
:101E80000F4DAB42A3EB050607D0B610002455F862
:101E9000043B01349847A642F9D80AF033F9094DBA
:101EA000094B5E1BAB424FEAA60606D0002455F84C
:101EB000043B01349847A642F9D870BDF4CB000822
:101EC000F4CB0008F4CB0008F8CB000800000000B9
:101ED0000000000000000000000000000000000002
:101EE00000000000000000000000000000000000F2
:101EF00000000000000000000000000000000000E2
:101F000030B490F800F020F007016FF0000C10F0F2
:101F1000070491F820F040F048804FF000046FF083
:101F20000700D1E9002391F840F000F1080082FA9F
:101F30004CF2A4FA8CF283FA4CF3A2FA8CF34BBB6A
:101F4000D1E9022382FA4CF200F10800A4FA8CF2E3
:101F500083FA4CF3A2FA8CF3E3B9D1E9042382FAB1
:101F60004CF200F10800A4FA8CF283FA4CF3A2FAC6
:101F70008CF37BB9D1E9062301F1200182FA4CF2FE
:101F800000F10800A4FA8CF283FA4CF3A2FA8CF365
:101F9000002BC6D0002A04BF04301A4612BAB2FA87
:101FA00082F200EBD20030BC7047D1E9002304F08C
:101FB0000305C4F100004FEAC50514F0040F91F8C1
:101FC00040F00CFA05F562EA05021CBF63EA05035E
:101FD00062464FF00004AAE7830730B547D0541E8D
:101FE000002A3ED0CAB2034601E0013C39D303F8CF
:101FF000012B9D07F9D1032C2CD9CDB205EB05257A
:102000000F2C05EB054535D9A4F1100222F00F0C79
:1020100003F1100EE6444FEA121C1A46C2E90055BD
:10202000C2E9025510327245F8D10CF1010214F0E8
:102030000C0F03EB021204F00F0C13D0ACF10403ED
:1020400023F003030433134442F8045B9342FBD1AF
:102050000CF003042CB1C9B21C4403F8011BA342C9
:10206000FBD130BD64461346002CF4D1F9E703469A
:102070001446C0E71A46A446E0E700BF014B1868C3
:10208000704700BF00000020830730B427D10468E8
:10209000A4F1013323EA040313F0803F034608D17F
:1020A00053F8045FA5F1013424EA050414F0803FDD
:1020B000F6D01C781CB113F8014F002CFBD162B193
:1020C000013903EB020C11F8012F03F8012B22B1A7
:1020D0009C45F8D100238CF8003030BC7047034693
:1020E000E7E700BF844641EA000313F003036DD124
:1020F000403A41D351F8043B40F8043B51F8043BCB
:1021000040F8043B51F8043B40F8043B51F8043BD1
:1021100040F8043B51F8043B40F8043B51F8043BC1
:1021200040F8043B51F8043B40F8043B51F8043BB1
:1021300040F8043B51F8043B40F8043B51F8043BA1
:1021400040F8043B51F8043B40F8043B51F8043B91
:1021500040F8043B51F8043B40F8043B51F8043B81
:1021600040F8043B51F8043B40F8043B51F8043B71
:1021700040F8043B403ABDD2303211D351F8043B11
:1021800040F8043B51F8043B40F8043B51F8043B51
:1021900040F8043B51F8043B40F8043B103AEDD2C0
:1021A0000C3205D351F8043B40F8043B043AF9D211
:1021B000043208D0D2071CBF11F8013B00F8013BE4
:1021C00001D30B8803806046704700BF082A13D3F1
:1021D0008B078DD010F003038AD0C3F10403D21A09
:1021E000DB071CBF11F8013B00F8013B80D331F83D
:1021F000023B20F8023B7BE7043AD9D3013A11F8BD
:10220000013B00F8013BF9D20B7803704B78437027
:102210008B7883706046704708B410B5002A9DB073
:10222000044636DB4FF40273ADF814304FF0000370
:102230001B930291069120AB17D0013A4FF6FF7124
:1022400004920792ADF816101F9A019302A900F0AC
:1022500051F9421C01DA8B232360029B00221A7081
:102260001DB0BDE8104001B070474FF6FF710492F9
:102270000792ADF816101F9A019302A900F03AF9DF
:10228000431C01DA8B2323601DB0BDE8104001B070
:1022900070478B2303604FF0FF30F5E70CB410B5A7
:1022A000214B00291C689CB038DB4FF000034FF431
:1022B00002721B93ADF81420029006901FAB18D049
:1022C00001394FF6FF7204910791ADF8162002A96B
:1022D0001E9A0193204600F00DF9421C01DA8B236F
:1022E0002360029B00221A701CB0BDE8104002B0AF
:1022F00070474FF6FF7204910791ADF8162002A9BE
:102300001E9A0193204600F0F5F8431C01DA8B2356
:1023100023601CB0BDE8104002B070478B232360DF
:102320004FF0FF30F5E700BF000000202DE9F04737
:102330008F681D46AF420B680C46164636D8B1F979
:102340000CC01CF4906F0ED13D46184631462A460B
:1023500000F0EEFAA368DF1B2368A7602B4400207F
:102360002360BDE8F0874A69096902EB42025F1AFF
:1023700002EBD2726B1C52103B44934292BF9146C7
:1023800099461A461CF4806F804611D0114600F021
:10239000F1F9824600B321693A46FFF7A3FEA3890B
:1023A00023F4906343F08003A38105E02F46CCE73C
:1023B00000F08EFB824658B10AEB0703A9EB070732
:1023C000A760C4F810A0C4F8149023602F46BCE79F
:1023D0002169404600F04EFAA3890C2243F04003E5
:1023E000C8F800204FF0FF30A381BAE72DE9F04F85
:1023F0009368176883B09246002B74D04FF0000B9F
:102400008B680A6881460C465D4645E0B4F90C309D
:1024100013F4906F2CD0D4E90401161A01EB410299
:1024200002EBD272711C52102944914292BF904625
:1024300088460A465B0539D51146484600F09AF9A8
:10244000019000283DD032462169FFF74BFEA2895A
:10245000019B22F4906242F08002A2819819A8EBBD
:102460000606A660C4F8148023612060A8462E46A4
:102470003246594600F05CFADAF80810A368226880
:10248000A3EB08033244491BA3602260CAF808107A
:1024900049B3D7E900B5083798461046002DF8D063
:1024A0009D421E46B2D2A8462E46E1E70146484666
:1024B00000F00EFB03460028D0D12169484600F009
:1024C000D9F9A3890C2243F04003C9F800204FF04A
:1024D000FF30A38100220023CAF80820CAF8043084
:1024E00003B0BDE8F08F00200023CAF8043003B029
:1024F000BDE8F08F2DE9F04F1C468B891D069DB07D
:1025000088468146934603D50B69002B00F0F18085
:102510000023099343F22003ADF829309BF80030E3
:102520007D4D03940126002B73D0DA4603E01AF8A0
:10253000013F002B75D0252BF9D1BAEB0B0473D1D9
:102540009AF80020002A64D000234FF0FF32CDE932
:1025500005230AF1010A049307938DF853301A9367
:1025600005E0049A06FA03F31A430492A24654467D
:10257000052214F8011B284600F05AFAA346431B13
:102580000028EED1049BD80644BF20228DF85320AA
:1025900019079AF8001044BF2B228DF853202A29DE
:1025A00050D1039A11680432002903927CDB079111
:1025B0009AF801102E295BD0584C0322204600F0D7
:1025C00037FA38B1049B001B4022824013430BF1C1
:1025D000010B04931BF8011B51488DF828100622AB
:1025E00000F026FA002865D04E4B002B55D003AAE8
:1025F00000924D4B424604A94846AFF3008007467F
:102600007A1C06D0099B3B4409939BF80030002BB1
:102610008BD1B8F80C305B067AD409981DB0BDE8B0
:10262000F08FBAEB0B04F4D023465A464146484695
:10263000FFF77CFE0130ECD0099B9AF80020234480
:1026400009937FE7A1F13002092A88BFD346B1D8A8
:10265000079B00E00134217803EB830302EB430383
:10266000A1F13002092AF5D92E290793A346A3D157
:102670009BF801102A2927D1039B9BF802101A68A6
:1026800005920433002A0BF102000393B8BF4FF008
:10269000FF338346B8BF05938EE7039B073323F0D0
:1026A000070308330393ADE7494243F00203079160
:1026B00004937DE703AA00921B4B424604A94846B7
:1026C00000F0CAFA07469BE7A1F130020023092A6D
:1026D00005930BF1010B3FF66FAF1BF8011F03EBE6
:1026E000830302EB4303A1F13002092AF5D90593D4
:1026F00062E7402100F03EF8C8F80000C8F810007A
:1027000018B14023C8F8143002E70C23C9F8003090
:102710004FF0FF3082E700BF08C7000810C700086D
:1027200014C70008000000002D23000870B5104EEB
:10273000336805460C46B3B12146284600F0D2FB6B
:10274000431C0CD0C41C24F00304A04205D0211A61
:10275000284600F0C7FB013001D0204670BD4FF085
:10276000FF34204670BD194600F0BCFB3060E3E743
:10277000E00100202DE9F843CD1C25F003050835C4
:102780000C2D38BF0C25002D064618DBA94216D8A3
:10279000DFF8DC8000F0A2FBD8F80420A2B11446D8
:1027A00003E0636822467BB11C4623685B1BF8D4B8
:1027B0000B2B1FD89442636854D053600CE00C2359
:1027C00033600020BDE8F88329463046FFF7AEFFAE
:1027D000431C044619D00560304600F081FB04F12B
:1027E0000B00231D20F00700C21A1CBF1B1AA350A8
:1027F000BDE8F88361199442256014BF5160C8F8A0
:102800000410635163684B60E6E7D8F804701FB3A7
:102810003C467F68002FFBD123683946304604EBE5
:10282000030900F05FFB814516D12368ED1A2946A4
:102830003046FFF77BFF01300ED02368D8F8042024
:102840002B442360536883B1A34203D01A465B68CC
:102850009C42FBD10023B0E70C233360304600F0EC
:102860003FFBAEE7C8F80430B6E7C8F80470B3E73A
:10287000E0010020002950D038B551F8043C0C1F6D
:10288000002BB8BFE418054600F028FB274A136860
:102890002BB1A3420CD92168601883422CD063600D
:1028A00028461460BDE8384000F01ABBA3420FD898
:1028B0001A465B68002BF9D111685018844217D072
:1028C0002CD3636054602846BDE8384000F008BB54
:1028D00011685018A04214D020D821686018834293
:1028E000EFD118685B680844C4E900035460EAE764
:1028F00023680B441360E6E718685B6808442060AF
:10290000CDE720680144501883421160DBD1D3E940
:1029100000040144C2E90014D5E770470C232B6082
:102920002846BDE8384000F0DBBA00BFE4010020D3
:1029300088420ED98B1883420BD900EB020C002A77
:102940006ED0624613F801CD02F801CD9942F9D15B
:1029500070470F2A0FD8034602F1FF3C002A5FD0D0
:102960000CF1010C013B8C4411F8012B03F8012FF1
:102970006145F9D1704740EA01039B0751D1A2F1AB
:10298000100370B501F1200C23F00F0501F1100EBA
:1029900000F11004AC441B095EF8105C44F8105CB4
:1029A0005EF80C5C44F80C5C5EF8085C44F8085C6B
:1029B0005EF8045C44F8045C0EF1100EE64504F188
:1029C0001004E9D1013312F00C0F01EB031102F0F6
:1029D0000F0400EB031328D0043C24F003064FEA55
:1029E000940C1E441C1F8E465EF8045B44F8045F82
:1029F000B442F9D10CF1010402F0030203EB8403A9
:102A000001EB840102F1FF3C4AB10CF1010C013BE6
:102A10008C4411F8012B03F8012F6145F9D170BDE9
:102A2000704702F1FF3C03469AE72246EAE700BFFF
:102A300001F0FF01102A2BDB10F0070F08D010F86F
:102A4000013B013A8B422DD010F0070F42B3F6D173
:102A5000F0B441EA012141EA014122F007047FF08C
:102A600000070023F0E80256083C85EA010586EAE3
:102A7000010685FA47F5A3FA87F586FA47F6A5FA1F
:102A800087F68EB9EED1F0BC01F0FF0102F007022B
:102A900032B110F8013B013A83EA010313B1F8D1D6
:102AA0000020704701387047002D06BF35460338B7
:102AB000073815F0010F07D1013015F4807F02BFF0
:102AC000013015F4C03F0130F0BC0138704700BF41
:102AD0002DE9F041144641B30AB306460D4600F015
:102AE00013FA8442074602D8B4EB500F13D821469C
:102AF0003046FFF73FFE804650B1BC422246294691
:102B000028BF3A46FFF7EEFA29463046FFF7B2FEF5
:102B10004046BDE8F081A8464046BDE8F081A046A9
:102B2000FFF7A8FE4046BDE8F081BDE8F041114640
:102B3000FFF720BE2DE9F84F92461F460A698B68C1
:102B4000DDF828909A42B8BF1A46CAF8002091F8DA
:102B500043300C46064613B10132CAF80020226801
:102B600091065FD5DAF800300233CAF800302268E7
:102B700012F0060F11461DD1E1689942D8BF1146E7
:102B800018DD4FF0000804F1190B05E0E568DAF8EC
:102B90000030ED1A45450CDD01235A4639463046D2
:102BA000C847013008F10108F0D14FF0FF30BDE80F
:102BB000F88F216894F84330003B18BF01238A0640
:102BC0000AD5E1185A1C302081F84300224494F8B9
:102BD000451082F84310023304F14302394630466F
:102BE000C8470130E1D02368DAF80050216903F0CA
:102BF0000603042BD4E902201BD08A4220DD4FF0CB
:102C00000008521A90441A34002501E0454517DAAD
:102C10000123224639463046C847013005F10105F7
:102C2000F4D1C2E712F0060F0DD0003B18BF01230C
:102C3000D2E7401B8A4220EAE078E2DC0028E2DCAE
:102C40000020BDE8F88FE168DAF800309942D8BF7B
:102C5000114696DCAEE700BF2DE9F047174684B079
:102C60000A7E0C9D0C460646984601F1430C002A4C
:102C700035D0A2F15803D9B2202969D8202B67D8C2
:102C8000DFE813F0E6006600660066006600660096
:102C900066006600660066006600AC0070006600B4
:102CA00066006600660070006600660066006600EA
:102CB00021008300C60066006600B600660083003F
:102CC00066006600EC002B6822686169181D2860A8
:102CD00010061B6802D4520600F1E0801960002340
:102CE000E1462361CDF800803B4603AA21463046E9
:102CF000FFF720FF013020D023694A46394630468D
:102D0000C047013019D02368E068DDF80C909B07BC
:102D100018D5484516DD002504F1190A04E0E068DD
:102D2000A0EB0903AB420DDD012352463946304684
:102D3000C047013005F10105F1D14FF0FF3004B07B
:102D4000BDE8F0874845B8BF484604B0BDE8F08705
:102D500084F84220012004F142090023206184F814
:102D60004330BFE72A682368111D1806296002D482
:102D7000590600F195801068014600286268C0F28B
:102D8000938054484FF00A0E15E020682B6810F02D
:102D9000800F53F8041B02D1400648BF89B26F2A46
:102DA0004C482B6014BF4FF00A0E4FF0080E002362
:102DB000626884F84330002AA26051DB236823F064
:102DC0000403236000294BD1002A7BD1E146BEF1E8
:102DD000080F56D0ACEB0903236183E72B681A6810
:102DE00004332B6004F1420984F842200120B4E747
:102DF0002B686268191D2960D3F8009000214846AD
:102E0000FFF716FE002863D0A0EB09006060A4E77E
:102E1000236843F02003236078222F4884F845205C
:102E20002A6813F0800F52F8041B03D113F0400FEF
:102E300018BF89B22A60DA0744BF43F02003236039
:102E400019B9236823F0200323604FF0100EAEE77A
:102E5000582384F845301F482368E1E72368DBE7FF
:102E60007546E146B1FBF5F305FB131A0A46AA4283
:102E700010F80A1009F8011D1946F3D2BEF1080F27
:102E8000A8D12368DD07A5D5626823699A42A1DC31
:102E9000302309F8013C09F1FF399BE719801EE74F
:102EA000B2F90010084668E72D20002AA26084F8D5
:102EB000430002DB23F0040323600A25054849424E
:102EC000AE46CEE7037884F8423004F142097EE74B
:102ED000606842E71CC7000830C70008704700BFA1
:102EE000704700BF38B5074D0022044608462A60E7
:102EF00000F0CEFB431C00D038BD2B68002BFBD06C
:102F0000236038BDE801002051F8043C181F002B55
:102F1000BCBF0B58C01870472048214910B501604C
:102F20004FF48031002341600421C0E904314FF4A3
:102F3000E86181624FF4806186B00122C1624FF482
:102F40008051CDE90033CDE90233CDE90433C0E946
:102F500002330383C26180F8203080F8302041635F
:102F600080F8383004F0C4FC88B90E480622CDE958
:102F7000000200237F24042208486946CDE9023478
:102F8000CDE9042304F02AFF20B906B010BD00F0FB
:102F900091FAEAE700F08EFA06B010BD3402002084
:102FA000000004502000F01470B504469CB00021CD
:102FB000542207A8CDE90211CDE904110691FFF7CB
:102FC0000BF82C4B22689A4201D01CB070BD4FF414
:102FD00080424FF0405307A80792199307F04EF82C
:102FE000002840D1244B254DDA6C42F40052DA64BB
:102FF000DA6C02F400520092009ADA6C42F001029C
:10300000DA64DB6C03F0010301930122002602A9BC
:103010000B234FF09040CDE902230496019B06F06C
:1030200099F9174B8022C5E900364FF48073C5E942
:1030300004234FF4806120224FF440532846C5E911
:103040000266C5E906122B6205F0B0FE70B90022D7
:103050000121E5641220AC6205F096FB122005F018
:10306000CFFB1CB070BD00F025FABBE700F022FAE0
:10307000EDE700BF0000045000100240EC0100200A
:10308000080002400848094908B501220023C0E9A8
:10309000053301608380026205F028FC00B908BD99
:1030A000BDE8084000F006BA980200200030024057
:1030B000094B02689A4200D07047A3F5005382B0D2
:1030C0009A6C42F480529A649B6C03F4805301938F
:1030D000019B02B0704700BF0030024000000000BA
:1030E00000B58BB0242200216846FEF775FF144816
:1030F000144B036005F0C6FC88B99FED0D7B8DED88
:10310000007B9FED0D7B00220D48049269468DEDFA
:10311000027B05F095FD28B90BB05DF804FB00F0CB
:10312000C9F9EAE700F0C6F90BB05DF804FB00BF8F
:10313000000000001400000000000000000000007B
:10314000040300200074004070B5244B026888B06E
:1031500000249A42CDE90244CDE90444069401D00A
:1031600008B070BD03F5CE3305469A6D1C4E42F093
:1031700000529A659A6D02F000520092009ADA6C41
:1031800042F00102DA64DB6C03F0010301931022C8
:1031900003234FF0904002A9CDE90223019B06F0E2
:1031A000D9F8104A0323C6E9002310228023C6E978
:1031B000022433614FF480724FF48063C6E9052323
:1031C00030462023C6E9073405F0F0FD18B9AE609B
:1031D000B56208B070BD00F06DF9F8E7007400400A
:1031E000BC020020440402401F4B10B5986C40F014
:1031F000010098649C6C82B004F001040094009C6F
:103200009C6C44F002049C649B6C002203F002035B
:10321000114601930B20019B05F0B6FA0B2005F037
:10322000EFFA002203210D2005F0AEFA0D2005F083
:10323000E7FA00220221102005F0A6FA102005F07E
:10324000DFFA00220221112005F09EFA112005F07C
:10325000D7FA002204213B2005F096FA3B2002B069
:10326000BDE8104005F0CCBA0010024070B5002453
:103270008AB0CDE90444CDE90644494B0894DA6CA0
:10328000484E42F00402DA64DA6C02F00402009262
:10329000009ADA6C42F00102DA64DA6C02F00102A0
:1032A0000192019ADA6C42F00202DA64DA6C02F0FE
:1032B00002020292029ADA6C42F08002DA64DB6C5B
:1032C000012203F08003039311463046039B06F06E
:1032D00025F9224630461A2106F020F922464FF4FD
:1032E000C0514FF0904006F019F96022032304A961
:1032F0004FF090400125CDE90423069406F02AF80A
:10330000032304A930460493CDE90554079506F03C
:1033100021F84FF480624FF4041304A94FF0904059
:10332000CDE90423069506F015F84FF4C053049335
:1033300004A902234FF090400793CDE9055406F00D
:1033400009F8182304A930460493CDE905540794DD
:1033500006F000F804A93046E0224FF40413CDE94A
:103360000423069505F0F6FF0323082204A90E485E
:103370000694CDE9042305F0EDFF22460521172030
:1033800005F002FA172005F03BFA22460521282015
:1033900005F0FAF9282005F033FA0AB070BD00BF35
:1033A0000010024000040048001C00480848094979
:1033B00010B502224FF47A7340F6FF7480E81E00C5
:1033C00006F0BEF800B910BDBDE8104000F072B8BC
:1033D000180300200030004010B598B044220021AE
:1033E00006A8FEF7F9FD00234FF40070CDE9013384
:1033F000CDE90333059306F0EBF808B172B6FEE7AA
:10340000044606F0D5F81A4AD2F890301C2123F071
:103410001803C2F890300123022206916021CDE901
:103420000B33CDE9113308930E910223282110921A
:10343000169206A80722CDE914230D94139106F0E5
:10344000A3F9034608B172B6FEE704210F24032254
:103450000DEB0100CDE90142CDE90333059306F000
:10346000A5FC08B172B6FEE706F05AFF18B010BD11
:103470000010024008B504F007FAFFF7ADFFFFF7B0
:10348000F5FEFFF7B1FE00F0C7FAFFF745FD00F0CB
:1034900013F800F069F9FFF723FE00F025F900F0BA
:1034A00057FA00F08BF9FFF7EDFD01F041FD01F057
:1034B00087FEFCE772B6FEE7104811494FF48272AE
:1034C00010B5C0E900124FF4007200234FF4E0641D
:1034D000182182610722C0E90234C0E90433C0E93F
:1034E0000713C0E90933C0E90B23436307F016F85B
:1034F00000B910BDBDE81040FFF7DCBF700300202D
:1035000000300140F0B5284B026889B000249A428F
:10351000CDE90244CDE90444069401D009B0F0BDE0
:1035200003F56043214E1A6E42F480521A661A6EF9
:1035300002F480520092009ADA6C42F00102DA64DE
:10354000DB6C03F00103019382220223CDE9022305
:1035500001270523054602A94FF09040CDE90573E8
:10356000019A05F0F7FE124B33601023C6E9017390
:1035700080224FF480533046C6E90342C6E9054431
:10358000F461336205F012FC58B9002203216E6524
:103590002320B56205F0F8F8232005F031F909B0D1
:1035A000F0BDFFF787FFF0E700300140280300205F
:1035B000300002400A4B1A6E42F001021A661A6E7F
:1035C00082B002F001020092009A9A6D42F080529D
:1035D0009A659B6D03F080530193019B02B0704785
:1035E0000010024008B503F07DF900B9FEE708BD00
:1035F000FEE700BFFEE700BFFEE700BFFEE700BF3B
:10360000704700BF704700BF704700BF04F04CB95F
:10361000014805F0CDBC00BFEC010020014805F0D9
:10362000C7BC00BF28030020014805F0C1BC00BF93
:1036300058050020014805F0BBBC00BF1005002064
:10364000014804F089BA00BF3402002008B52020E8
:1036500005F06AFF402005F067FFBDE808408020C4
:1036600005F062BF014807F099B900BF7003002060
:10367000014808F083B800BFA00500204FF4806027
:1036800005F052BF014805F093BC00BFBC0200200A
:103690000C490D4A0B6810B50C4C121B2BB1184489
:1036A000904207D80860184610BD094B0B601844BB
:1036B0009042F7D9FEF7E2FC0C2303604FF0FF3392
:1036C000184610BDD40300200000012000100000A7
:1036D000C0AF0020034AD2F8883043F47003C2F828
:1036E0008830704700ED00E010B51D481D4A0260AB
:1036F0008CB000234FF6FF7101240A22CDE900337C
:10370000C0E90133C0E904330493069308930A9394
:103710000293C160836103A9032303930594079275
:1037200009940B9207F084FD60B99FED0B7B002399
:103730000B48029369468DED007B07F08FFE20B9A0
:103740000CB010BDFFF7B6FEEFE7FFF7B3FE0CB00D
:1037500010BD00BFAFF300800000000000000000BB
:10376000C0040020002C014000B51248124985B069
:103770000023CDE90133C0E90013112203938360D4
:103780008023C260836107F0EFFC58B92022002338
:103790000848019201A9039307F060FE28B905B01B
:1037A0005DF804FBFFF786FEF0E7FFF783FE05B048
:1037B0005DF804FB280400200010004000B5134809
:1037C000134985B00023CDE90133C0E9001340F26D
:1037D0001F32039383608023C260836107F0C4FCBF
:1037E00058B9202200230948019201A9039307F048
:1037F00035FE28B905B05DF804FBFFF75BFEF0E786
:10380000FFF758FE05B05DF804FB00BFD8030020A9
:103810000014004010B5184A016888B00023914296
:10382000CDE90233CDE90433069301D008B010BDD1
:1038300003F1804303F5043301241A6E42F400625D
:103840001A661A6E02F400620092009ADA6C224341
:10385000DA64DB6C0494234001934FF4407202A9B4
:1038600002234FF09040CDE902230694019B05F01E
:1038700071FD08B010BD00BF002C01400368B3F11A
:10388000804F84B013D0164A934204D0154A934215
:103890001AD004B07047144B9A6D42F010029A652A
:1038A0009B6D03F010030293029B04B0704703F575
:1038B00004339A6D42F001029A659B6D03F0010397
:1038C0000193019B04B07047074B9A6D42F02002B0
:1038D0009A659B6D03F020030393039B04B070472C
:1038E00000100040001400400010024000000000E2
:1038F00000B5026889B00023B2F1804FCDE90233F0
:10390000CDE90433069302D009B05DF804FB03F15E
:10391000804303F504339FED0C7BDA6C42F0010227
:10392000DA64DB6C03F00103019302A901234FF079
:1039300090408DED027B019A069305F00BFD09B0D6
:103940005DF804FBAFF300800800000002000000F7
:1039500000B52F4891B00023CDE90433CDE90633FB
:10396000CDE90133CDE90833CDE90A33CDE90C3394
:10397000C0E9013303930E930361802383614FF009
:103980008043036040F69F73C36007F0EDFB30BBDC
:103990004FF480531E48049304A907F0CFFA78BB74
:1039A0001B4807F013FC40BB00231948019301A9F1
:1039B000039307F053FDE8B99FED137B00231448F0
:1039C0000A930C2208A98DED087B0C9307F0C2FC2A
:1039D00040B90F48FFF78CFF11B05DF804FBFFF70B
:1039E00069FDD5E7FFF766FD0948FFF781FF11B0D4
:1039F0005DF804FBFFF75EFDDEE7FFF75BFDD3E755
:103A0000FFF758FDCCE700BF60000000D0070000C2
:103A1000740400200000000010B51148114C9FED07
:103A20000E7B4FF461220023C0E900420C213022BA
:103A3000C0E90233C0E90431C0E9063380ED0E7BF2
:103A40000362426208F08EFA00B910BDBDE8104072
:103A5000FFF730BDAFF30080001000000020000031
:103A6000A005002000440040F0B504469DB00021B0
:103A7000542207A8CDE90211CDE904110691FEF701
:103A8000ABFA3E4B22689A4201D01DB0F0BD022332
:103A900007A8079306F0F2FA002865D1384B9A6D13
:103AA00042F400329A659A6D02F400320092009A54
:103AB000DA6C42F00102DA64DB6C042003F00103EB
:103AC0000221CDE90201019300260723032702A961
:103AD0004FF09040CDE90467019A069305F03AFC57
:103AE00003234FF4004202A94FF0904006930223B3
:103AF000CDE90223CDE9046705F02CFC214E2249D3
:103B000002220023C6E900128021C6E90233C6E979
:103B100004132022B36130464FF48053C6E90723D3
:103B200005F044F930BB194D19496667022200239C
:103B3000C5E90012284610218022C5E90213C5E913
:103B40000533C5E90733B4622A6105F02FF970B96E
:103B50000022022125672620AC6204F015FE2620F3
:103B600004F04EFE1DB0F0BDFFF7A4FC96E7FFF792
:103B7000A1FCEDE7FFF79EFCD5E700BF0044004045
:103B800000100240580500206C0002401005002083
:103B90008000024038B5D0E90552836804460069C8
:103BA000AD1A9847A36BC01A854231DCD4E90330C3
:103BB00000219847A36820699847A26BE36D61686C
:103BC000E0631544451BAB42A36938BFE565043388
:103BD0009B1A1844814207D3A36C0322013384F853
:103BE0002F20A364012038BDA36DE2682069013352
:103BF0000121A3659047A36820699847C4E90C0098
:103C00000021002201232164A4F8442084F82F30ED
:103C1000002038BD2DE9F84300F108070546164697
:103C200098468946582200213846FEF7D5F9730890
:103C3000A6EB08018B4228BF0B46022B38BF02239C
:103C40004FF0320CA3FB0CC14FEA1C5444EA013480
:103C5000CCF31300194AC5F800902044A2FB00429F
:103C6000D20802EB820202EB8202801A144AC5F8E3
:103C70001C80BCEB000C13486E6061F1000102FB7C
:103C80000CF200FB0122ACFB00C002444FEA9C0492
:103C900044EA8274089ADFF830C007CAA34298BF8A
:103CA00003F1FF344FF4805E87E80700C5E909ECB3
:103CB000C5E905342E62BDE8F88300BF1F85EB51CE
:103CC000F5285C8F295C8FC20008280030B5436856
:103CD000C4691D4D1B1B994228BF1946022938BFD4
:103CE0000221642A28BF6422A2FB01321C0D44EA8F
:103CF0000234C3F3130CC4F31304A444C2F3132417
:103D0000A444124C0CEB127CA4FB0C4E4FEADE0ECA
:103D10000EEB8E0E0EEB8E0EACEB0E0CB3EB0C031B
:103D200062F100040A4A03FB02F205FB0422A3FB32
:103D300005352A449B0843EA82738B4228BF01F170
:103D4000FF33C0E9051330BD295C8FC21F85EB51DD
:103D5000F5285C8F10B504460121D0E9033098475F
:103D6000A3682069984701230021002284F82F309E
:103D7000C4E90C002164A4F8442010BD10B5002152
:103D80000446D0E903309847002384F82F3010BD53
:103D900090F82F30012B03D0022B54D00020704715
:103DA00070B58368044686B0006998470546D4E933
:103DB0000C20A369E1691A44861A0B44616812EA6F
:103DC000260238BF0246A81AA1EB030C604506463E
:103DD00009DD5B1A5A19636D01336365002366467A
:103DE00084F845306046002E12DD666A234686421E
:103DF00005A8029053F8450B019334BFB6182E4620
:103E000004F128030093334602F094FF20BB3246AE
:103E100094F82E306263C3B9226BA369216AAA1A8F
:103E20000B449A4211DB236DA5630120002103445A
:103E3000022284F844002365216484F82F20204660
:103E400006B0BDE87040FFF7A5BE94F82F30022BF6
:103E5000F5D0002006B070BDE36C059AA263591C32
:103E60000020238D84F84400E164D4E9000102F0CD
:103E7000DFFF022384ED100A84F82F30DFE700BF54
:103E800090F82F30032B09D110B590F82E30022B6B
:103E9000044604D1002380F82F3010BD7047D0E9CC
:103EA000033001219847A368206998470123002126
:103EB000002284F82F30C4E90C002164A4F84420C7
:103EC00010BD00BFEFF3108272B60B4B0B48DB6CDA
:103ED0000B491B6800685B6809688907C3F5804364
:103EE00003D5B3F5005F38BF013082F31088C3F308
:103EF0000D0303EB80307047340200202C060020B5
:103F000000000240054A136819B143F00103136031
:103F1000704723F001031360704700BF001000409A
:103F2000F0B5364A364C136823F0010387B07F2181
:103F30001360204604F0C0FB10B1002007B0F0BDB4
:103F400005462046A56284F8305003F0D1FC0646B1
:103F500010B12C4B9D81F0E72B480621CDE90001E3
:103F600007207F21CDE90201042369462046CDE9DF
:103F7000043603F033FF054610B1224B9E81DCE787
:103F8000012003F0A3FC1027204604F05BFA03464F
:103F9000052120465BBB03F07BFD40BB204603F0C0
:103FA000CFFD013F0544EFD1154804F019FB174A36
:103FB0001348936823F0E073936001264FF4E8639D
:103FC000A36284F8306003F093FC0E4B98B9C5F3FC
:103FD0000F1098810028B0D00D4BB3F8AA1001F053
:103FE000E3FB0C4B304683ED000A07B0F0BD054BF8
:103FF00000229A81A1E79F819FE700BF0010004047
:10400000340200203006002001000080000304502C
:104010000075FF1F54000020F0B587B0054602F080
:10402000F7FD10B9002007B0F0BD214E214C3368D8
:1040300023F001033360204604F0F6FA636D1E4955
:10404000002223F050036365A2652B7A059251F894
:10405000233002937F220423CDE9032312A3D3E963
:10406000002369462046CDE9002303F0B7FE03464E
:104070000028D7D1114FA9883A689162E988D162A6
:1040800053620F4AF960204601210E4C7161336181
:104090000D4913604FF48042237004F013FAB0FA14
:1040A00080F0400907B0F0BD2000F01406000000C9
:1040B000001000403402002054C5000828040020ED
:1040C0002C0600202806002040060020014B93ED1E
:1040D000000A704754000020034A137803F0FF00E1
:1040E0000BB10023137070472806002005490B68A8
:1040F0004FF0904201330B60536983F48053536156
:10410000704700BF300600200748084903680133A4
:1041100003600B684FF0904201330B60536983F4E6
:1041200080535361704700BF2C06002030060020EA
:104130008307084A06D5536801335360064B0122B2
:104140001A707047936801339360034B01221A7011
:10415000704700BF30060020280600202DE9F843F4
:104160001E46364BDFED367AD3ED000A354CDFF8CC
:10417000E890B4F806C0A388334D2DED028B80EE95
:10418000A78AACEB03038846174607EE903A99F8E6
:104190000930F8EEE77A05EBC30595ED007A67EE96
:1041A000887A67EE877AC0ED007A94ED020A284695
:1041B00001F016FB88ED000AD5ED017A94ED026A54
:1041C000D4ED046A95ED007A2048D6EE087A28EE00
:1041D000268A67EEA77AE8EE087AF1EEE76A67EEDC
:1041E000267AC7ED007A99F8002002EB420200EB34
:1041F000820002F0FDFCA37D93B1D4ED076A0A9B17
:104200009FED137AC0EE267ABDEC028BC6ED007AE4
:10421000D4ED087A67EE877AC3ED007ABDE8F883BB
:104220000A9B9FED0C7ABDEC028BF0EE477A86ED8F
:10423000007AC3ED007ABDE8F88300BFB89B002088
:1042400000F07F45949B0020DC9F0020F8CA000806
:104250000000C84200000000F49F00202DE9F04F4C
:10426000654B83B099783222902001F06DFF0446AF
:10427000002800F0BB80614A5F4B917D9888DB6825
:104280005F4E92F814A001EB4101019191684FEA51
:10429000134C4FF0000E0D0C6CF3070E4FF0000C9A
:1042A00065F3070C019D06EB85091D0E65F30F2EC6
:1042B00061F3174E0D0E090A61F31F6E5149B9F8EB
:1042C00004B065F30F2C0D68B9F806100027013112
:1042D000AAF1010A0BFB011160F3070799F808B076
:1042E00092F81090000ABAFA8AFA60F30F274FEAA0
:1042F0005A1AD0684FEA132849EA4A0963F3174764
:10430000DFF810A1C4F80EA068F31F674FEA104A47
:104310004FEA102860F3174C000E60733A4884F897
:104320000CA068F31F6C90F809A001982760C4F8EE
:1043300004E0C4F808C056F82000B2F81280C4F8AF
:1043400016003148527DC4F81210627784F81E803E
:10435000427AE2764FEA18284FF4FA7184F81AB0DC
:1043600084F81C9084F81F802184290A84F8231083
:104370002149264A886852F83A7084F8225002EBA4
:10438000CA014FEA154CC0F30D002D0E4E6884F89B
:104390002550C0F580413D0A994284F827504FEAE4
:1043A000174528BF19461A4A84F82850350A84F858
:1043B000267084F82A6084F82B505B1A350C3F0E67
:1043C000360E5B00490002EB400084F824C084F8FC
:1043D000297084F82C5084F82D6001F001FEC4F897
:1043E0002E0003B0BDE8F04F01F0E2BE024B188092
:1043F00003B0BDE8F08F00BF508600207498002005
:10440000F8CA0008B89B0020F49F0020DC9F002021
:104410004006002000B4C40470B5164D164E2B782B
:10442000164C6A68A26203EB430306EB83032A7A05
:104430005989AB7884F82C3020466B7884F82E307C
:10444000FFF744FC2A780E480E4B02EB420206EBC3
:104450008206F288B188013201FB02226169B3FB56
:10446000F2F3A0FB0303DB0849008B4238BF0B4685
:10447000236270BDF49F0020F8CA000808A0002045
:10448000CDCCCCCC00B4C40438B51B481B4990F843
:104490002F300022032B0A802BD0EBB9184C19487F
:1044A0002378194D194A03EB430300EB83000023E3
:1044B0002B701370FFF7B0FD88B1FFF7ADFF237CC1
:1044C0001BB96378022B00D038BD00232B700A483B
:1044D000BDE83840FFF73EBCFFF750FCDEE70C4B71
:1044E00019784A1C1A709F200A4A192301F068FEA5
:1044F000E3E780F82F20D1E708A0002050860020B5
:10450000F49F0020F8CA0008909B0020929B002096
:104510006486002074C5000810B50446C00732D474
:1045200014F0060F15D1220731D4E3060DD5254B23
:10453000254A1B7B25494FF47A6000FB03F3A2FB5D
:104540000323DB080A68C31A1364214B01221A7083
:1045500010BDFFF761FF1B4B1A7C0AB3610707D43C
:104560001C4B93F82F305A1E012A05D9032BDAD1A0
:10457000194B5B78002BD6D1184B164800221A70C5
:10458000FFF7E8FBCFE7FFF77FFF2207CDD50D4B05
:10459000134AD97A92ED000A987A02F08BFAC4E7AE
:1045A0005B78022BDAD00B480B4990F82F300A8049
:1045B000032B04D0002BB6D0FFF7E0FBB3E780F865
:1045C0002F20B0E7F49F0020CDCCCCCC7404002089
:1045D0005C00002008A0002050860020909B002056
:1045E000B89B00202DE9F0478EB0044603F068F92F
:1045F000DB4ADC4B127818602078002A00F010812A
:10460000012800F0A181022800F0AA83032840F0CD
:10461000A48161786022822001F096FD0446002882
:1046200000F08F81D04DD14B95F82F2002705A7831
:104630004270197C1A788170C2709A880271120ACD
:104640004271DA888271120AC2719A780272197AFA
:10465000C74A41721268597A8172997A0273130AB1
:104660004373130C120EC1728373C27303F028F9E3
:104670002074020A030C000E6274E074A374AB6C25
:104680002375190A1A0C1B0E6175A275E375EB6C84
:104690002376190A1A0C1B0E6176A276E3762B6D2F
:1046A0002377190A1A0C1B0E6177A277E3776B6DDB
:1046B00084F82030190A1A0C1B0E84F8211084F893
:1046C000222084F82330AB6D84F82430190A1A0CA8
:1046D0001B0E84F8251084F8262084F82730EB6D13
:1046E000A44D84F82830190A1A0C84F829101B0EDE
:1046F00084F82A2069682A6884F82B30E1622263F2
:1047000001F0FCFB9C4E84F83400326884F83820B9
:10471000030A010C84F8353084F83610736884F885
:104720003C30110A84F83910110C120E84F83B2029
:104730001A0A84F83D20914F84F83A101A0C000EA2
:104740001B0E84F8370084F83E2084F83F30D7F8F9
:10475000103484F840301A0A84F841201A0C1B0ED9
:1047600084F8422084F84330D7F81434844A84F81B
:104770004430116883481A0A84F845201A0C1B0E2D
:1047800084F8473084F846207F4BD7F8182484F803
:104790004820A3FB01317D4B170A1B6884F8497040
:1047A000890C170CB3FBF1F3120E794984F84B20F6
:1047B0001A0A84F84C3084F84A7084F84D2009684D
:1047C000AD68E5651D0C1B0E026884F84F300B0ABE
:1047D00084F851300B0CB06884F85230130A84F816
:1047E000501084F85420090E84F85530130C120E22
:1047F00084F8531084F85630010A84F85720030EC9
:10480000020C84F8580084F84E5084F8591084F84B
:104810005A2084F85B300EB0BDE8F04701F0C8BC08
:10482000431E3E2B00F2828001A151F823F000BF0D
:1048300049490008614D0008134600082D49000849
:104840002D4900082D4900082D4900082D49000870
:104850002D4900082D4900082D4900082D49000860
:104860002D4900082D4900082D490008774B000804
:1048700095490008DF4A00082D4900082D4B000823
:10488000E54900082D4900082D4900082D49000878
:104890002D4900082D4900082D4900082D49000820
:1048A0002D4900082D4900082D4900080F4A00082D
:1048B000454A00082D4900082D4900082D490008E7
:1048C0002D4900082D4900082D4900082D490008F0
:1048D0002D4900082D4900082D4900082D490008E0
:1048E0002D4900082D4900082D490008C34B000838
:1048F000854C00080D4D00082D4900082D49000881
:104900002D4900082D4900082D4900082D490008AF
:104910002D4900082D4900082D4900082D4900089F
:104920002D4900082D490008A14A000803258DF8EB
:104930001C0061788DF81D50022307AA802001F029
:104940003FFC0EB0BDE8F08763886178221D8F20A0
:104950000EB0BDE8F04701F033BC0525E7E700BF26
:10496000408600205800002008A00020F49F00206E
:10497000B89B002030060020D8AE0020BC9B002051
:10498000500000204486002083DE1B434C8600201C
:10499000488600206588012D17D1A74A237912780F
:1049A0009A4212D9A54A1370FFF76EFDA44A2378E4
:1049B000157000268DF81C3061788DF81D6002237B
:1049C00007AA802001F0FCFBBBE740F211256178CB
:1049D000ADF81C50022307AA802001F0F1FB0EB0B5
:1049E000BDE8F08763886178022B40F00582A288D9
:1049F000A2F15500B0F58A7FC0F0218240F2152463
:104A000007AA8020ADF81C4001F0DAFB99E78D4B36
:104A100061781A88002A40F0F8816088997038B16E
:104A20002079C00704D588480078002840F05382D8
:104A3000864A92F82F20013A012A00F2E6810122EB
:104A40001A707EE7824D66782B7800220592002B43
:104A500040F0DE811A461C46184619461F4609904A
:104A60007C48CDE90A42848A827D003C18BF01243B
:104A7000520042EA840213438488C0888DF83030A3
:104A80000022CDE907718DF83120ADF834003146B0
:104A90001A2307AA8320ADF8324001F091FB50E7BA
:104AA0006D4B6E4A6E496F480025C3E90155C3E955
:104AB0000355C2E90055C2E902550D601D604D6005
:104AC0005D618D60227805608DF81C2061788DF81D
:104AD0001D50022307AA802001F072FB31E7638892
:104AE000072B40F08C81554D676895F801A094F82C
:104AF00008E094F8098094F80A900FCD07AE0FC62D
:104B00001FFA87FC2B683380BCF5805F03D2BEF1AF
:104B1000010F40F2A38140F212256178ADF81850E0
:104B2000022306AA802001F04BFB0AE76588022DCC
:104B30001ED1207903281BD86379022B18D83F4B4C
:104B400098726179D972484B93ED000A01F0B2FF77
:104B50003B4A267861788DF81C6001201070002097
:104B60008DF81D002B4607AA802001F029FBE8E6FE
:104B70004FF405752BE76388012B40F03A812379C8
:104B8000022B00F236812D49487800F09D810228E1
:104B900002D1364A12784A7003F00102294B0A7496
:104BA000002504201D80FFF7B7FC22788DF81C201B
:104BB00061788DF81D50022307AA802001F000FBC8
:104BC000BFE663886178012B2AD12379022B27D88D
:104BD000274A002652F8330063F3070602EBC302AC
:104BE00060F30F26030A546863F317460025030C8D
:104BF000000E60F3070563F31F6664F30F25230AB5
:104C000063F31745230C63F31F65240E092307AADA
:104C10008420CDE907658DF8244001F0D1FA90E6B3
:104C20004FF40C74022307AA8020ADF81C4001F059
:104C3000C7FA0EB0BDE8F087F4CA0008F49F002060
:104C40005C00002050860020909B002008A00020DF
:104C5000929B0020949B002050A00020CC9F00201D
:104C6000300600204C860020B89B0020658600207E
:104C7000DC9F00200AD7233C00007A4400409CC5FA
:104C800000409C4563886178092B3CD12379022B35
:104C900039D8D4F805201FED097A07EE902AF4EEF2
:104CA000C77AF1EE10FAD4F809202CDD1FED0E7A48
:104CB000F4EEC77AF1EE10FA25D507EE102A5FED73
:104CC000116AB4EEE67AF1EE10FA1CDD5FED146ABB
:104CD000B4EEE67AF1EE10FA15D5874A874802EB72
:104CE000C303C3ED007A237902EBC302012482EDF2
:104CF000017A31220470ADF81C20022307AA80201B
:104D000001F05EFA1DE640F231248BE77C487D49D4
:104D100090F82F300022032B0A8073D0002B40F034
:104D20009A80794E794F7449002330463B7001F0E8
:104D30005DFE337C0546002B7BD17378022B78D047
:104D4000002D0CBF0520002025788DF81D0061780E
:104D50008DF81C50022307AA802001F031FAF0E5FB
:104D60006B4B61781C7804EB840204EB42028120D7
:104D7000243201F0E9F900283FF4E3AD4FF00122BD
:104D800002604FF480426349634B82604FF470527B
:104D90004160C26003210361F4220123C3750175E0
:104DA0004475827500F11803002C40D00B2202FBE1
:104DB00004005A4A1830D1889488013104FB01114B
:104DC00014681C60596051891972090A5972117A64
:104DD00099720B33834202F10C02ECD1504BD3F8A1
:104DE00090250260D3F894254260D3F8983583600B
:104DF00011E54FF40475EAE540F2151412E74FF49B
:104E00008975E4E580F82F208BE74FF4846409E787
:104E100006AB009304AA05AB03A902A8FFF79EF90D
:104E2000DDE90271DDE9054204982B7817E61846A2
:104E3000D4E7002332483B70FEF78CFF80E7324C0A
:104E40003848E2810280152407AA8020ADF81C4072
:104E500001F0B6F975E5FEF791FF62E7B8F1020FD0
:104E60003FF659AEA9F10A03502B3FF654AE3B0C66
:104E7000B3F5007F3FF64FAEB8F1020F05D1BAF19E
:104E8000020F1CBF284B83F800A01E4B08978DF81B
:104E90001D808DF81EE08DF82490002707AD1F803F
:104EA0000FCD194E0FC62B6833800220FFF734FB5D
:104EB00022788DF8182061788DF81970022306AADF
:104EC000802001F07DF93CE502281CBF164B1870CC
:104ED00002234B7062E615481A614168D9609988CF
:104EE00000689860012421445C7099800EB0BDE890
:104EF000F047FFF7B3B900BFDC9F00205C00002043
:104F000008A0002050860020F49F0020909B0020E5
:104F1000F4CA000800B4C404C0006000F8CA000865
:104F20000070FF1F688600206586002074980020AE
:104F30007F49804BD1F8FC20002042F080722DE99F
:104F4000F041C1F8FC2058601A687B497B4842F068
:104F500001021A608A687A4B4068DB6942F4805229
:104F60008A60784A203BD168526D18BF0123B0F5A2
:104F7000803F18BF43F00203B1F5E06F9EB018BF49
:104F800043F00403002A00F0CF806F496F4A09689C
:104F900091426F4A6F49126818BF43F010035207DD
:104FA0006D4A58BF43F02003914200F0B38043F4B0
:104FB00080736A4C6A48236001F036FC694B6A4A88
:104FC00093E8030082E8030003F1100103C902F132
:104FD0000805203385E8030093E8030002F110037D
:104FE00083E8030011465E4801F096FC05465F48E1
:104FF00001F07AFB01F00AF85D4B5B691BB1236895
:1050000043F080032360FEF78BFF18B9236843F059
:1050100040032360FFF75AF8564E574B00934FF466
:10502000804286ED000A4FF48063544954484C4F47
:10503000FEF7F0FD0C21534805F01CFF3C215248BF
:1050400005F01AFF00F0A8FD00F084FEF88900F0DA
:105050001DFFD6ED007A23684C494D4A0293FDEEC0
:10506000E77A00239D4218BF0A464FF001080193DA
:10507000CDED037A60210492CDF80080454A464D7B
:1050800006A8FDF70BF906A8FCF73AFF297883B2CA
:1050900001EB080C06AA9F2085F800C001F090F8EB
:1050A000236813F04D0F18D03C4B3D4D3D4F2F4E14
:1050B00083F800806B6983F008036B6102F000FCE9
:1050C000044602F0FDFB031B632BF3D83946304640
:1050D00000F0DCFF01F0B6F8F3E7FFF7D5F996ED45
:1050E000000AF97AB87A01F0E5FC3B7B2E4A2549A3
:1050F0004FF47A6000FB03F3A2FB032309682B4AF9
:10510000DB08C31A0B6482F80080FEF74FF91EB06B
:10511000BDE8F0812649274A27480A442749121A40
:105120008A427FF646AF42E743F008032DE700BF0F
:1051300000ED00E0001000E0002004E03402002058
:10514000EC010020700300205000002000B4C404D3
:1051500000100240000001200000012044860020D1
:10516000F49F002048C70008DC9F0020BC9B002063
:10517000D8AE0020B89B002048C50008400600209B
:1051800008A0002074040020C004002090C500087E
:1051900098C50008A0C5000864860020408600204D
:1051A00000040048E5450008CDCCCCCC5C000020D4
:1051B00084000020FCCB00080000002000F8030859
:1051C0002DE9F04FB54BB64CD3F8048095B002F002
:1051D00077FB0646FEF780FF002840F0AA81B14D1C
:1051E0002846FEF7D5FD002840F0AE81AE49AF4815
:1051F00000F04CFF00F03EFD002840F00F8200F070
:10520000FDFC431E032B14D8DFE813F004001A0240
:10521000350227020427A64B5A78022A00F078822A
:105220001A7C82F001021A74002323803846FFF7AB
:1052300073F9DFF8D49205966378002B64D000F000
:1052400077FF002860D0D4E903B6ABEB0607B7F5CB
:10525000FA7F28BF4FF4FA771FFA87FA0AF104029F
:105260005200A17892B2912000F06EFF00284BD03E
:10527000B4F804C0226900216CF307014FEA1C2C2A
:105280006CF30F2162F317414FEA122C6CF31F618C
:1052900001604FF0000C110C61F3070C110E61F36B
:1052A0000F2CA1684FEA1A2367F3174C63F31F6CA6
:1052B000B34502EB0103C0F804C000F1080EC3F3CC
:1052C0000D0312D00022093039F813100EF8121015
:1052D00001334FEA112CB3F5804F00F812C002F1F0
:1052E000010208BF00239742EED800F061FFD4E925
:1052F00003233B44934223619ED395F82F3000272C
:10530000032B677000F01A82059E00F09BFF95F852
:105310002F30032B00F0FE80022B20D1D5E905436E
:10532000E41A644B00201B689847AB6BC21A944286
:1053300040F28F805E4A6049127802EB420201EB34
:1053400082012344CA88898801321B1A01FB022288
:105350005A48A2FB032300219042994179D2584C2C
:105360002388002B40F08F80564C2378002B6AD185
:10537000554F3B68F31A272B6BD9DFF8909199F8BA
:1053800000200AB9F92B64D92D2200210DF1230048
:10539000FCF722FE95F82F308DF821304B4B444D11
:1053A0001B788DF820304A4B07951B788DF82230FA
:1053B00002F086FA474ADFF858A11268831AB3F55B
:1053C000FA6F2CBF002301238DF82330424B434A50
:1053D0001B88ADF83030938A687A927D8DF833203F
:1053E000003B18BF01238DF83430AB8800EE103A33
:1053F0003B4B03EBC0003B4BD3ED000A9AF8003067
:105400008DF824308DF83230374B0A93B8EE400ACD
:10541000364B0B9300F0E4F99AF800308DED130A47
:10542000002B40F09681324B1878324B00EBC000D5
:1054300003EB002007A901F045FF0123237000239F
:105440003E6089F8003000F0EDFC0546002800F0D1
:105450002A81294804F0A6F8284BB1054FF008022C
:1054600054BF9A619A620D4B254A5B681168A3EBA1
:105470000803994238BF1360224A1368013313604E
:1054800015B0BDE8F08F00F0CDFC074600287FF492
:105490006BAF208800F0FAFC278065E7001000E081
:1054A0005086002008A00020E5450008BC9B002095
:1054B000F49F002048C50008F8CA0008FF700200E9
:1054C00068860020708600206C860020668600209A
:1054D000919B0020580000208C980020949B002075
:1054E000DC9F0020B89B0020109A0020909800209C
:1054F00071860020748600201803002000040048F4
:105500004C86002048860020400600205C000020D9
:10551000929B00206478002C7FF421AF9148FEF725
:10552000AFFC95F82F30002B3FF419AF8E4A147062
:10553000F2E68C4D00232380FEF7A6FF2846FEF7F7
:1055400027FC00283FF452AEAB69AF6BD5F814A02E
:1055500086484FF0904BFF1A4FF40062844BCBF813
:1055600018204FF4804100933A46534600F0DCFE89
:10557000804B01934FF0C0097F4B7C480093CDF8DE
:10558000089053463A464FF4804100F059F9AA6911
:105590001146002352460591A1FB0901FCF7F6FADA
:1055A000764BDFF800921A78754BA9F80000059940
:1055B0009A75DFF8DCC12A6CDFF8AC91714899600C
:1055C000DA60714994F800E001228CF80020027042
:1055D00089F8002095F844200A704FF40061C3E96F
:1055E000007ACBF828101A742A8D5A8295F82C204C
:1055F0001A7595F82E205A75BEF1000F7BD1677889
:10560000002F7FF4F3AD5748FEF73AFC95F82F30A2
:10561000002B3FF4EBAD89F80070E7E5DFF87491FB
:10562000024699F80010554801F0D6FD074600F0F3
:10563000E5FA431E032B5AD8DFE803F0322F476FF9
:1056400004274E4B5A78022A1CBF50490A70002288
:105650001A74228002225A70E8E54D4B1B78002B09
:105660003FF4E7AD424AD3889288991A17297FF60A
:10567000E0AD00275BE04749474B0A780132A3FBC6
:105680000203D01A03EB50039B08C3EBC303D21AE7
:105690003C4B0A7001221A70CBE547F00407D0E7B3
:1056A00047F00407B7E53D4F3D483B7803EBC303A4
:1056B00000EB032000F0BCFB00283FF4CAAE3B78AF
:1056C000257083F001033B70C3E699F80020324B4C
:1056D0000132A3FB0213D11A03EB51039B08C3EB66
:1056E000C303D21A274B89F8002001221A70002F19
:1056F0007FF49CAD9DE500232361A3880133A38043
:105700004FF48073C4E9027A2380FEF7A7FD76E7A1
:105710001E4A12785A70012285E51D4B1B78002B1A
:10572000E5D0134AD3889288991A1729DFD91344F0
:10573000124A5B0847F00207938077E50948FEF7B5
:105740009FFB95F82F30002B3FF476AD064B1F7072
:1057500072E512AB009310AA11AB0FA90EA8FEF7C9
:10576000FDFC60E608A00020909B00204006002081
:10577000949B002090980020109A0020F49F002015
:10578000749800205C000020919B0020658600201A
:10579000929B002066860020254992247186002075
:1057A000748600208C98002082B0CDE9000178B189
:1057B00007EE901ADFED086A07EE100AF8EE677A36
:1057C000B8EE477A67EEA67A87EE870A02B070478E
:1057D0009FED020A02B0704700803B4500404E45F5
:1057E00020EE200A9FED067AC0EE077A90ED017A4E
:1057F00090ED000A77EEC77A27EE800A704700BF67
:1058000000F07F45C2B110B40C4CC3430A4411F8F8
:10581000010B584000F00F03914254F8233083EA03
:10582000101303F00F0054F8200080EA1313EED198
:10583000D8435DF8044B7047704700BF74C7000839
:105840002DE9F04F85B00E46B2FBF1F106FB112EAB
:10585000109900293DD0DDE90E984FF0000A013A79
:105860000746029200937446D3465546CDF80CE0A5
:105870000193109A009800235146FCF787F9A8423B
:105880000BF1010B28D037D900224FF6FF7137F802
:1058900014300134B44208BF0024994205F10105D7
:1058A00028BF19469A4238BF1A468542EFD1A9F857
:1058B00000100546A8F80020DDE900329B1800938F
:1058C000109B4AF1000A9B4509F1020908F1020800
:1058D000CFD105B0BDE8F08F65B1029B2B44B3FB7F
:1058E000F6F206FB123337F81330A9F80030A8F8A7
:1058F0000030E1E7039BF6E7284600224FF6FF71F0
:10590000D5E700BF4FEAE20C0CEB4C0C01EB8C111D
:1059100002F007024FF0010C0CFA02FC5FFA8CFC5B
:10592000425C5BB1012B04D14CEA020C00F801C0CF
:1059300070478CEA020C00F801C0704722EA0C0C98
:1059400000F801C0704700BF4FF410620021FCF75F
:1059500043BB00BFBF2903D85F2A01D8FFF7D2BFDE
:10596000704700BF30B591429DF80C4002DC1546EF
:105970000A4629464FEAE30C0CEB4C0C03F00705F2
:105980004FF0010E02EB8C1C0EFA05FE0131604453
:105990005FFA8EFEBF2A09D85F2B07D890F800C0A7
:1059A0007CB1012C4EEA0C0506D1057001328A4209
:1059B00000F10100EED130BD8EEA0C0C80F800C081
:1059C000F4E72CEA0E0C80F800C0EFE72DE9F04375
:1059D0009A429DF81C5002DC1C4613462246BF2901
:1059E00036D85F2A23EAE37CA8BF5F2262452FDB1B
:1059F000D64306F00706FF2727FA06F6F6B24FEA67
:105A0000E2080AE00DBB29EA04040133B2EBC30F3C
:105A100000F80C404FEAC30C1ADB4FEAEC0303EB2F
:105A20004304B8EBEC0F0CF0070E01EB841C07FAF3
:105A30000EFE0CBF3446FF24012D10F80C9004EA32
:105A40000E04DFD149EA0404DFE789EA0404DCE755
:105A5000BDE8F0832DE9F04F1D4685B01B789DF819
:105A600038708946002B47D0064688469146AB469B
:105A7000203B602B224ACDF8088094BF03EB8303C0
:105A80009B23D31801930025CDF80CB0052D16BF2C
:105A9000019B00245C5DCA464FF0000B06E00BF151
:105AA000010BBBF1080F0AF1010A17D0B8F1BF0FC3
:105AB000F5D844FA0BF303F00103BAF15F0F83EA60
:105AC000070352464146304601D8FFF71BFF0BF152
:105AD000010BBBF1080F0AF1010AEAD10135062DCD
:105AE00008F10108D2D1DDE9028B1BF8013F08F172
:105AF0000608002BBCD1C146484605B0BDE8F08F72
:105B0000B4C70008034B02689A4200D07047FEF702
:105B1000EDBA00BF00000450034B02689A4200D067
:105B20007047FEF7F1BA00BF00000450034B026853
:105B30009A4200D07047806DFEF7FABA0000045018
:105B4000034B02689A4200D0704700F0DDB900BFF5
:105B500000300140034B02689A4200D0704700F0C9
:105B6000E5B900BF00300140034B02689A4200D003
:105B7000704700F0CBBB00BF00440040704700BF3F
:105B8000034B02689A4200D0704700F0C5BB00BFCB
:105B90000044004000F010B8044B05491A68054B5A
:105BA000506A088000221A60704700BFC0040020BD
:105BB0006CA0002068A00020202838B509D040281B
:105BC00014D0802814D0B0F5806F08BF032401D012
:105BD00038BD0024074D2B5D002BF9D101F070FE7C
:105BE000054A012342F824002B5538BD0124F1E772
:105BF0000224EFE780A0002084A000202DE9F047D8
:105C000001F05EFEDFF86080DFF86090DFF860A0F2
:105C1000002406464546274619F804308BB15AF849
:105C20002430F31A0E2B0CD92988686803F070FC15
:105C30000C4A09F8047020B952F82430F31A772B73
:105C400007D80134042C05F10C05E5D10020BDE88E
:105C5000F08704EB440308EB830842F8246098F8CB
:105C60000800F4E770A000209CC9000880A0002074
:105C700084A000200D4B0E491B680A685B6A10B4B3
:105C80000C4C20889BB2181A02FA80F0424202F0B3
:105C90000302238000F0030358BF53420028B8BF1B
:105CA000033080105DF8044B0B607047C004002087
:105CB00068A000206CA0002070B5244E244D84B054
:105CC00002244FF43F414FF430623023ADF8081006
:105CD000ADF80C208DF807300DF10701B4620A23EE
:105CE0000122284604F096FC15238DF807300DF1AB
:105CF00007010A23B4620122284604F08BFC2246E5
:105D000002A90A23B461284604F084FC75238DF8A7
:105D100007300DF107010A23B4620122284604F07E
:105D200079FC224603A90A23B461284604F072FCD8
:105D30005C238DF8073001220A23B4620DF10701BC
:105D4000284604F067FC04B070BD00BF00040048A2
:105D5000700300202DE9F0412E4D01261024AE6184
:105D600082B00520AC6201F0B1FD7820AC6101F099
:105D7000ADFD294CAE624FF49870284E4FF00208EA
:105D800009E0C5F8288004F045FC34F8020F4FF60E
:105D9000FF7398421ED010F4007F5FFA80FC32D16E
:105DA00010F4807F8DF807C04FF00A034FF0010216
:105DB0000DF107013046E4D10A23C5F8188001220D
:105DC0000DF1070104F026FC34F8020F4FF6FF73C3
:105DD0009842E0D10F4C124E104D0123A361A362F3
:105DE000FFF76AFF0223A3610C240A23C022314675
:105DF000284604F00FFC013CF7D1064B01229A61C2
:105E000002B0BDE8F0810127AF61604601F05EFDA0
:105E1000AF62BAE7000400488CCA00087003002093
:105E2000CCC90008014B1878704700BF9CA0002027
:105E30002DE9F041114E337813B10020BDE8F08117
:105E40000F4F01253570BD62044603F0FF08FFF7D0
:105E500033FF02230B48BB6121464FF4106204F06C
:105E6000C3FC10B92846BDE8F081074ABD6113683C
:105E70002B44136086F80080DFE700BF9CA0002061
:105E8000000400487003002094A00020184B1B78E9
:105E900003B1704770B5174C82B00125022600F09F
:105EA0003F023023C0F382108DF804208DF80500E6
:105EB0002A46A5620DF103018DF803300E48A66253
:105EC0000A2304F0A7FB81238DF803300DF10301B1
:105ED0002A460A23A662084804F09CFB0A23A6610E
:105EE000324601A9044804F095FBA56102B070BDDB
:105EF0009CA000200004004870030020014B18689B
:105F0000704700BF98A00020054B064A0121996107
:105F1000136805490133002013600870704700BF03
:105F20000004004898A000209CA00020054B064AD1
:105F3000012199611368054901330020136008703D
:105F4000704700BF0004004894A000209CA00020DF
:105F500008B503460A460348194602F02FFDC04320
:105F600008BD00BF98020020F8B5154D154B2C78E0
:105F7000154F1988154E40F20C4202FB04F4A01C88
:105F8000134A384400F042FC2A781249385301324F
:105F9000A1FB023101F4FF7033780F4CDFF83CC0F5
:105FA00000EB5101521A01332A70A268DBB20021C2
:105FB000934233708CF8001088BFA360F8BD00BF17
:105FC000ADA00020A8A00020B0A00020ABA0002021
:105FD000515F0008ABAAAAAAD8AE0020AAA0002050
:105FE00038B50546144608480A46294625461C4643
:105FF00002F0E4FC0CB9C04338BD224629460248F1
:1060000002F0B2FCC04338BD98020020194810B518
:106010002021002480220123C0E90512848003622C
:1060200002F064FC10BB14491248092202F0C6FCBD
:106030001149044609220020FFF7E4FBE443A04293
:1060400003D00E4A5369013353610D4B0D4C0E4979
:10605000002018804FF40072204606F005F8636FA8
:106060001A68136823F00403136010BDFDF722FAC9
:10607000D9E700BF98020020CCCA0008D8AE0020A3
:10608000D4AC0020A0050020D8AC00202DE9F843B6
:10609000224B1A7842BB224BDFF890805B6F214E77
:1060A0001B68DFF884905C68C4F5007405460F46F1
:1060B000C4F308040AE0F15CD9F80C30A8F8002019
:1060C0000133C9F80C3000F015FB48B9B8F80030BE
:1060D0005A1CA3422846C2F30802ECD1BDE8F8835B
:1060E00005F10C00B847F1E70D4C002520461D7066
:1060F00005F08CFA0C480D4A0369158001330361E1
:106100004FF400720749204605F0AEFF636F1A682E
:10611000136823F004031360BDE8F883A4A00020F3
:10612000A0050020D8AC0020D8AE0020D4AC0020C0
:10613000034A044B10781B781844C0F103007047E1
:10614000ABA00020AAA00020F8B5134E3378EBB91D
:10615000B2F5806F154619D8104B1B78032B15D05C
:106160000F4B104F1C7840F20C4303FB04F40A461B
:106170000146A01C38442B4600F036FB0123337047
:10618000094B04F1080038441D80F8BD074A5368E4
:10619000013300205360F8BDAAA00020ABA000206E
:1061A000ADA00020B0A00020A8A00020D8AE002004
:1061B000024B1B7803B97047FFF7D6BEAAA0002098
:1061C0002DE9F041194F16463A78FAB9B3F5806FC8
:1061D0001C461BD8164A1278032A17D00A460146D5
:1061E0001448DFF85C80057840F20C4000FB05F5B0
:1061F000A81C404400F0F8FA0F4B1C8001233B70B0
:106200005CB9FFF7B1FE0120BDE8F0810B4A53688D
:10621000013300205360BDE8F08105F108002246FB
:1062200031464044FBF75EFFEBE700BFAAA0002029
:10623000ABA00020ADA00020A8A00020D8AE002078
:10624000B0A00020F8B5284D2B7853B9274C2378FF
:1062500013BB237803F0FF0513B9254B1B7863BBF1
:10626000F8BD244E224F3378234A244C0133A2FB3D
:1062700003123978013939702168013121601B4CD2
:1062800002F4FF71002001EB520228709B1A20706B
:1062900033702378002BDCD001F012FB184B1B6805
:1062A000C01AFA28D5D9174805F07EF9134A536861
:1062B00001210B4429705360F8BD0E4A0123167862
:1062C000237001F0FDFA0E4B0F49186040F20C43A9
:1062D00006FB03F3981CCA5A01440A4805F024F946
:1062E0000028BDD02570F8BDA5A00020A6A00020E4
:1062F000ABA00020ACA00020ABAAAAAAD8AE002078
:10630000A0A00020A0050020B0A00020014B012289
:106310001A707047A5A00020014B01221A70704727
:10632000A4A00020000000002DE9F04F2DED048B0B
:1063300087B00746149D04920C4690460021202207
:10634000281D1E460193FBF747FE14990E60002E90
:1063500000F02881B8FBF4F3002104FB13833046DE
:1063600005931A460E4689468A468B460D464FF6D9
:10637000FF7837F812300132944208BF0022984566
:1063800028BF98469D4201F1010138BF1D4613EB1D
:106390000A0A4BF1000B8142E3FB0369E9D1149B2C
:1063A000149AA3F80480DD80B8FA88F35B091375AA
:1063B00040F6FE739D4294BF00230123537501985C
:1063C000FBF742F802460B465046594692469B461A
:1063D000FBF77EF852465B46FBF7DAF902460B46BE
:1063E00030464946CDE90223FBF772F852465B4638
:1063F000FBF7CEF982468B46DDE90201FBF776FB1F
:10640000149B4BEC10AB9860F9F752FF51EC100B5A
:10641000FBF76CFB149BD860DDE90223104619469C
:10642000FBF78CF802460B4650465946FAF7CEFE6B
:1064300002460B4643EC182B00220023FBF70EFB11
:10644000002800F0B480B0EE480AF0EE680AF9F7D0
:106450002FFF51EC100BFBF749FB149B1861A5EBC8
:106460000803172B40F29E80454407EE903A08EE51
:10647000105A059BDFED9A5A37F81330BBEEEF8ABE
:10648000F8EE677A07EE103AF0EE486AE7EEE56A52
:10649000019BB8EE477AB0EE486AB4EEC87AF1EEE6
:1064A00010FAB4EEE67AACBF01200020F1EE10FA4B
:1064B00094BF4FF0010C4FF0000C012BA7EEA56A22
:1064C0006BD0DFED888A5E1E049B0022B0EE689AD6
:1064D000904696465D1C994611466B18B3FBF4FA3C
:1064E00004FB1A33013237F8133007EE903AF8EE16
:1064F000677AF4EEE76A00285CD1F1EE10FAB4EEA8
:10650000E76AC0F2BB80F1EE10FA00F2BF808E4560
:1065100004D3C2E00139714540F2BF8009EB0100AC
:10652000B0FBF4F304FB130337F8133007EE103A13
:10653000B8EE477AB4EEC87AF1EE10FAEADAB4EEC1
:10654000C78AF1EE10FA40F3A4800130B0FBF4F3F7
:1065500004FB130037F8103005EE903AF8EE655A58
:10656000B4EEE58AF1EE10FA00F2938038EE475A65
:1065700075EEC75A07EE901AC5EE258AB8F1000FDE
:106580004FF0010C08F101086046F8EE677A78EEEA
:10659000A78A08BFB0EE689A12E04FF00008149B7B
:1065A000C3F8188007B0BDEC048BBDE8F08F9FEDF9
:1065B0004A8B48E7F1EE10FA02DB8446964600204B
:1065C000B24289D1B8F1010FE9D9B0EE490AF9F721
:1065D00099FFF0EE407AFCEEE77AB0EE680A17EE2B
:1065E000905AF9F78FFFFCEEC07A17EE901A8D42A1
:1065F0006DD2049A002053191144B3FBF4F204FB4A
:106600001232013337F8122007EE902AF8EE677A3B
:10661000B4EEE78AF1EE10FA98BF01309942ECD15E
:10662000149BB4EEE89AF1EE10FAC3F81880B9D5CD
:1066300008F1FF3807EE908AB8EE677A07EE900A05
:1066400078EEC98AF8EE677AC8EE876A149A012351
:10665000937587EEA87AF7EE007AB4EEE77AF1EE5A
:1066600010FAC2ED076A2ADDB0EE677A149B83ED5B
:10667000087A07B0BDEC048BBDE8F08FF1EE10FA9C
:106680009ED80120BCF1000F9AD040E74FF0010CDA
:1066900096E74FF0010C604692E709EB0100B0FB72
:1066A000F4F304FB130337F8133007EE103AB8EE97
:1066B000477AB4EEC78AF1EE10FAEADD45E7B5EEA7
:1066C000C07AF1EE10FAD1D59FED067ACEE7002020
:1066D000A6E700BFAFF3008000000000000000004C
:1066E000CDCCCC3D000000004FF484620021FBF7CC
:1066F00073BC00BF10B503780446042B71D8DFE8E3
:1067000003F00D152139030043885A1C92B203444B
:10671000042A4280197249D0002010BDA5293CD01E
:10672000D0F81C340133C0F81C34F5E75A292FD0B7
:10673000A529F1D0D0F81C34002201330270C0F832
:106740001C34E9E74288531C9BB20244042B43806B
:106750001171E1D1C388818881810022B3F5806FF6
:10676000C38142801CD9D0F8183402700133C0F8BC
:106770001834D1E74288531C02449BB24380117401
:10678000C2899A42C8D10022042342800370C3E721
:106790000222002302704380BEE701230370BBE79F
:1067A000002B14BF032304230370B5E7011D002051
:1067B000FFF728F8E28904F11001FFF723F8A36836
:1067C00000229842227005D0D4F814340133C4F862
:1067D0001434A1E7D4F8103401200344C4F8103471
:1067E00010BD0023037097E745F6A52CA0F800C064
:1067F0004FF0000C61F3070C62F30F2C63F3174C9E
:106800001B0A63F31F6CC0F802C0704738B50D4611
:1068100004460431023090472C440346C4F8063045
:1068200005F10A0038BD00BF084B83600421002237
:1068300010B40180064C82700521D22201234460ED
:1068400001735DF8044BC28103747047320000018C
:10685000FF072800224B02781B789A4224BF0423AA
:1068600003704378022B84BF002343708378012B8D
:1068700084BF002383708388B3F5805F24BF40F614
:10688000FF738380C388B3F5007F84BF4FF4007328
:10689000C380037A092B1ED80A230372437A022B82
:1068A00084BF00234372837A032B84BF0023837247
:1068B000C37A022B84BF0123C372037B0A2B84BFDC
:1068C0000A230373C389553B9BB2B3F58A7F24BF68
:1068D000D223C38170475A2B84BF5A230372DDE74A
:1068E000F4CA00080A4A9369002B0FDAC3F31201B5
:1068F000A1F57E31B1F5006F08D210B4054C93615B
:106900000121084621705DF8044B70470020704754
:1069100000200240F0AE0020F0B52F4B2F4C00229B
:106920001A701D7807460E460FCC95B00DF1180C65
:10693000ACE80F000FCCACE80F000FCCACE80F00B8
:1069400094E803008CE8030055BB254B069A9A4255
:1069500002D0002015B0F0BD224B079A9A42F8D120
:1069600005F0FF0E06A970463422139CFEF74AFF7D
:106970008442EED108AC0FCC796021883860BA60CF
:10698000FB60398238460DACFFF764FF0FCC3060F6
:10699000716003CCB2603061F36071610120D9E7AE
:1069A00002F060FB03460028D3D10F4A91694CF2F4
:1069B000FA3041F0404191610124106101A97F2228
:1069C00002A8CDE90133CDE90342059402F038FC79
:1069D00002F05CFBBDE700BFF0AE002000F803084A
:1069E000504F43530200380000200240F0B595B0EC
:1069F0000C4605462022FF210CA8FBF7EDFA294A98
:106A0000294B28686968CDE90623AA68EB680DF16F
:106A1000200EAEE80F002B8A20686168A268AEF8ED
:106A20000030E3680DF1340CACE80F0020696169B7
:106A300006AEACE80300342231460020FEF7E2FE49
:106A4000139002F00FFB18B10024204615B0F0BDE2
:106A5000164B9A694CF2FA3142F040429A61196140
:106A60000122CDE901007F2301A902A8CDE903237A
:106A7000059202F0E5FB90B90D4D04AC12AFAD1BD1
:106A800029190020F4E9022302F03AFB38B9BC428C
:106A9000F6D1012402F0FAFA204615B0F0BD002428
:106AA000F8E700BF504F4353020038000020024077
:106AB00008F80308F0B52DED088B064683B0424870
:106AC0000F46B0EE408A04F03BF94048002102F046
:106AD0006DF80EB1022F03D903B0BDEC088BF0BDE9
:106AE0009FED3B7ADFED3B7A3B4DDFED3C8ADFEDFE
:106AF0003CBAC7EE089A002487EE88AAB6EE008A50
:106B000079EE8AAA3AEE699A6AEE88AA29EE08BA5C
:106B100014E0032E24D020EE2B0AF9F73DFDF0EE11
:106B20006A7AEBEE007A0134642C77EE887AFCEE18
:106B3000E77A17EE903A25F8023F28D007EE904A00
:106B4000F8EEE77A022E87EEA80AE2D1B4EEC80A80
:106B5000F1EE10FA54BFF0EE697AF0EE4A7AE2E70D
:106B6000B4EEC80AF1EE10FA06D539EE097AF0EE65
:106B7000697AE0EE077AD6E779EE097A30EE480ACC
:106B8000B0EE677AF0EE4A7AE0EE477ACBE7154B43
:106B90000D4D53F827302A681348002104FB03F3F6
:106BA000B0FBF3F00138D0622346516200910F4AE6
:106BB000E860064801F07CFF284603B0BDEC088B76
:106BC000BDE8F04004F094B8D8030020040300208E
:106BD00080F3C749AC34354BF2AE00200000C84208
:106BE000DB0FC940D8CA000800B4C404F4AE0020CA
:106BF000C3888288DFED057A013302FB033307EE99
:106C0000103AB8EE470A87EE800A70478096984C93
:106C1000027A072A1BD810B40E4CC388818834F836
:106C20001220013301FB03331932B2EB430F0AD8B0
:106C300040895DF8044BC03880B2B0F56D5F8CBF01
:106C400000200120704700205DF8044B70470020B1
:106C5000704700BFE4CA000808B513462A4A9342A9
:106C600086468C4625D9A2F1B672A2F53652123A62
:106C700003FB02F24FEA7222042A28D9234A41F286
:106C8000C60103FB02F2B1EBB21F2BD2204A21490D
:106C900003FB02F2B1EBF20F11D31F491F4AA1FB14
:106CA00003318B0970466146FBF7F8FA20EAE07081
:106CB00008BD1B4A9342E1D8B3F57A7FE6D2194A60
:106CC00061467046FBF7EAFA20EAE07008BD164A12
:106CD0005B0AA2FB0323DB09144AFBF7DFFA20EA75
:106CE000E07008BD01F1864101F5DE1101F6BD51EC
:106CF000A1FB03318B0C0E4A61467046FBF7CEFABE
:106D000020EAE07008BD00BFFFC99A3B3961C26844
:106D1000D578E92637894100D34D6210F4C50008C3
:106D20003F420F00FCC50008834B0400E4C5000887
:106D3000ECC500082DE9F04FB2FBF1FCDDF8248032
:106D4000DDF82890B8F800E0B8F8025040F6FF747B
:106D5000AEEB05077544A542A8BF25469E1A99F8D3
:106D6000004001FB1C2C5DD0A1EB0C0398F80480C3
:106D7000B34227EAE77728BF334600EB4C0CB8F163
:106D8000000F32D02BB3ACF1020C4FF0000A07E039
:106D90005D450AF1010ACCBF00240124534515D0FA
:106DA0003CF802BF002CF3D005E00AF1010A53457C
:106DB0000CD03CF802BFDE45F7DB002389F8003039
:106DC0000B9B524401201A60BDE8F08FF61A1A445A
:106DD00028D04FF0000CA1EB0C03B34228BF334680
:106DE00000EB4C0CB8F1000FCCD1002BF1D0ACF182
:106DF000020CC24607E05F450AF1010AB4BF002455
:106E000001245345E2D03CF802BF002CF3D0DE450C
:106E1000D3DD0AF1010A5345D8D03CF802BFDE4564
:106E2000F7DCCAE789F800400020BDE8F08F00BF1A
:106E300000B5B2FBF1FE83B002F1FF3C019301FB10
:106E40001E22BCFBF1F301FB13CC30F8122030F80A
:106E50001C3007EE102A07EE903AB8EE477AF8EEAB
:106E6000677A77EE677AF5EE407AF1EE10FA0CD099
:106E7000DDED016AF8EE666A36EEC77A87EE270A1C
:106E8000B5EEC00AF1EE10FA04DD9FED080A03B07A
:106E90005DF804FBFFEE007AB4EE670AF1EE10FA3B
:106EA00048BFB0EE670A03B05DF804FB00000000C5
:106EB0002DE9F04FDFED9A7A2DED028BF0EEC08ACE
:106EC000F4EE678A8BB0F1EE10FACDE9060200F21B
:106ED000E58018EE900AB0EE408A8B46FAF7D6FAB3
:106EE000B5EE408AF1EE10FA8046894671D14FF036
:106EF000040A8C4B002240464946FAF791FD0028CF
:106F000000F09A800226884D0024022E1ED0012E09
:106F10002CD022462B4640464946FAF759F9FAF753
:106F2000BDFDB0F57A7FC0F2AD80002E40F0F58057
:106F3000BAF1060F00F38A80404649467B4B002297
:106F4000FAF726FC0AF1010A80468946784B0022AE
:106F500040464946FAF7F2FA22462B46FAF738F944
:106F6000FAF79CFDB0F57A7FC0F2A2806D4B00224B
:106F700040464946FAF7E2FA22462B46FAF728F944
:106F8000FAF78CFDB0F57A7F4FF00006C1DA694B55
:106F90008DF8256013F80A308DF8243001260A2375
:106FA000079A654C90FBF3F1B5EEC08A03FB110321
:106FB0000492F1EE10FA09AA0392029300915F4B3A
:106FC0005F4A06980196594648BF2346FBF766F983
:106FD00051E0DFED5C7AF4EEE78AF1EE10FA72DB55
:106FE000524B0022FAF7D4FB504B002280468946D0
:106FF000FAF72AFD002800F08A804C4B40464946AB
:107000000022FAF7C5FB494B002280468946FAF771
:107010001BFD00287ED0454B404649460022FAF72A
:10702000B7FB424B002280468946FAF70DFD4FF030
:10703000070A00283FF45DAF3D4B00224046494619
:10704000FAF7EEFC061E18BF01265CE74723ADF8F1
:1070500024303949079B0293B5EEC08A09AAF1EEA4
:1070600010FA364B0090019248BF0B46364A0698FC
:107070005946FBF713F920EAE0700BB0BDEC028B28
:10708000BDE8F08F2B4B13F80A308DF82430002325
:107090008DF82530002EDCD00A2381E72B4AFBF740
:1070A000FDF820EAE0700BB0BDEC028BBDE8F08F7C
:1070B000204B13F80A308DF8243000238DF825304A
:1070C000022664236CE7F7EE007AF4EEE78AF1EE2D
:1070D00010FA4FF0040A7FF50CAF144F1C4D002638
:1070E000002403E0BAF1000F3FF40CAF32463B46F8
:1070F00040464946FAF722FA22462B468046894600
:107100000AF1FF3AFAF78CFC0028EBD1F1E64FF0D8
:10711000050AEEE64FF0060AEBE6013EF5E600BF93
:10712000FFFF7F7F000024400000E03F00408F40D1
:1071300000005940B8CB000804C6000840C600084B
:1071400018C6000800007A440CC6000808C60008EB
:107150000000F03F30B5DFED1A7AB0EEC07AB4EE41
:10716000677AF1EE10FA83B006D9164AFBF796F863
:1071700020EAE07003B030BDF2EE047A20EE270A78
:107180000D460446F9F760F80F4AB0F1000CB8BF9D
:10719000CCF1000CA2FB0C124FEAD202009202EBDF
:1071A0008202ACEB42000190B4BF084B084B094A85
:1071B00029462046FBF772F820EAE07003B030BDA4
:1071C000FFFF7F7F08C60008CDCCCCCC04C60008EA
:1071D00040C6000828C600083AB1062905D8DFE8ED
:1071E00001F0121E282E3443060000207047037B56
:1071F0001A440A2AA8BF0A2222EAE2729A42F4D06A
:1072000002731020704701782C4B11EB020C1B7895
:107210004AD500229142E8D002700120704783884D
:1072200003EB421282F30C029342DED082800220F2
:1072300070478378B3FA83F35B098370F7E7437889
:10724000B3FA83F35B094370F1E7037A02EB82023E
:1072500003EB42025A2AA8BF5A220A2AB8BF0A22BE
:107260009342C2D00272E2E7837A93B9002A18DB14
:10727000092A1346A8BF0923114A013BA2FB0312A6
:10728000520802EB42015B1A01328272C37208207B
:107290007047C17A03EB4303023B0B441344002BBA
:1072A00007DC00238372F2E75A1E6245A8BF6246DC
:1072B000B0E7092BA8BF0923DEE700BFF4CA000826
:1072C000ABAAAAAA2DE9F04F2DED028B88469FB0FC
:1072D0000746FEF739FBD8F800305A78022A00F04A
:1072E0008082197CC34AC44B002918BF134600246E
:1072F0002246214600943846FEF7ACFBD8F8003011
:10730000BE4A1B7803EB4303054652F823201021A5
:107310000EA8FFF7A1FC0EA8FAF7F2FDB849C0F1DC
:107320000F020EA8FAF7B0FE98F80430B3FA83F310
:107330005B09E91C009322460EAB3846FEF78AFB38
:1073400098F80420D8F80030A2F10202B2FA82F2D2
:107350005209C11C98780092AA4BAB4AA04208BFC0
:10736000134622463846FEF775FBDFEDA87A98ED06
:107370000C0AA74A80EE270A054610210EA8FFF73F
:1073800097FD98F80430A3F10103B3FA83F35B0986
:107390002946009322460EAB3846FEF75BFBD8F831
:1073A0000030C11C587898F80430A3F10303B3FAF5
:1073B00083F35B090093974B224653F820303846FD
:1073C000FEF748FBA52840F3F5814FF00109182589
:1073D00004260A2422460123294638463444FEF76F
:1073E000B9FA492CF6DD09F10109B9F1080F05F1E7
:1073F000180505D0B9F1040F14BF04260226E8E7EA
:107400000024214601231A2238460434FEF7A2FA4A
:10741000C02CF6D10024214601232A22384602340A
:10742000FEF798FAC02CF6D10024214601233A2217
:1074300038460434FEF78EFAC02CF6D14FF001091D
:107440000923BF2200213846CDF80090FEF78AFAC2
:107450004A23CDF80090BF2200213846FEF782FA79
:1074600098F80830002B40F0F68098F80730002B91
:1074700040F0E88098F8161061BB674B00914D22F0
:107480003846FEF7E7FA98F80440D8F80050231F72
:10749000022B76D9AB7A002B00F08280EA7A5F4B20
:1074A00003EB820393ED000A5D4A02ACB8EE400A9A
:1074B00010212046FFF7FCFCA97A5A4B009453F8A0
:1074C0002130594A40210EA8FAF7E8FE98F8044006
:1074D00005256EE098ED070A9FED4C8A4C4A80EE38
:1074E000080A102102A8FFF7E3FC494A102106A868
:1074F00098ED080A80EE080AFFF7DAFC98F81730D2
:10750000002B6DD1494B0A930AAC06AB484A009355
:10751000402102AB01940EA8FAF7C0FE00210EAB89
:1075200000914D223846FEF795FADFED387A98ED56
:10753000090A374A80EE270A102102A8FFF7B8FC93
:1075400098F81730002B00F04981102106A898ED1B
:107550000B0AFFF7FFFD06AB364A0093402102AB52
:107560000EA8FAF79BFE00210EAB00915722384679
:10757000FEF770FA98F80440D8F80050231F022B49
:1075800088D8042C0CD0052C40F03381AB7A002B2A
:1075900084D1294B93E803000EAB83E8030097E7FF
:1075A0002B7A264A40210EA8FAF778FE98F8044074
:1075B00004250EA8FAF7A4FC641B00EB4000B4FA03
:1075C00084F44100640900940EAB5722C1F1C0015C
:1075D0003846FEF73FFA1FB0BDEC028BBDE8F08FD6
:1075E0000AAC98ED0A0A164A10212046FFF760FC03
:1075F0008BE700BF44C600084CC60008F8CA000864
:1076000074C6000858C6000854C6000800007A4432
:1076100078C60008D0CB000888C60008D8CA000881
:1076200040C60008C0CB0008D4C600082D2D2D0090
:1076300098C60008B0C60008CCC60008C0C600083E
:1076400094C6000801220092724B0C22AA213846EF
:10765000FEF700FA0EE7D8F810C0D8F80C206E4DEF
:107660004FF0FF3AD646002440F6FF76634633F8E3
:1076700014C032F81430B44528BFB446B34228BF12
:107680003346CCEB8C1CC3EB83130CF2FF7C03F270
:10769000FF7BA5FB0C32ACEB020C02EB5C02A5FB02
:1076A0000BC3ABEB030B03EB5B03D20ADB0ABEF1AC
:1076B000FF3F21463846C2F14902C3F149034FEA70
:1076C000440B05D07245A8BF72465345B8BF534618
:1076D000CDF80090FEF77AF9D8E9032332F80B00D1
:1076E00033F80B10B04228BF3046B14228BF3146B4
:1076F000C0EB8010C1EB811100F2FF7001F2FF714D
:10770000A5FB00CEA5FB01CAA0EB0E00A1EB0A0170
:107710000EEB500E0AEB510A01344FEADE2E4FEA0F
:10772000DA2AC02CCEF1490ECAF1490A9FD1D8F805
:1077300000309B88B34228BF3346C3EB831303F268
:10774000FF73A5FB03255B1B05EB5304E40AC4F19F
:107750004904002502266319621BC5F1BF0100968A
:1077600038460135FEF732F9032DF4D1B8F814404C
:1077700001250A23A21CA11E38460095FEF7F2F847
:107780000B236219611E38460095FEF7EBF82B4675
:1077900021460C223846FEF7DDF898F81830002B09
:1077A0003FF463AE1D4B009529460C223846FEF788
:1077B00051F95AE698F80530012B29D0022B25D033
:1077C00098F80610164B174AA14208BF134600222C
:1077D0000092A8213846FEF73DF9F6E5124B0693D4
:1077E000B9E698F80510114B114A002908BF134655
:1077F0007DE52B7B0F4A03EB83035B0040210EA842
:10780000FAF74CFD062598F80440D2E6054BDEE772
:10781000094BDCE784C60008010110007CC60008A3
:107820006CC6000864C600082D2D2D003CC600085B
:1078300034C60008DCC600085CC6000838B50F4B2B
:107840001B780BB9012038BD0D494FF47A720546FB
:10785000B2FBF3F30868B0FBF3F000F0DFFF04467F
:107860000028EFD10F2DEDD8024629464FF0FF300A
:1078700000F08AFF034B20461D6038BD5D000020EC
:10788000500000206000002010B5032000F06AFFC7
:107890000F20FFF7D3FF10B10124204610BD04468E
:1078A000FBF788FE204610BD034A044B11681B7885
:1078B0000B441360704700BFBCAF00205D00002088
:1078C000014B1868704700BFBCAF002038B50446B4
:1078D000FFF7F6FF631C054602D0044B1B781C44DF
:1078E000FFF7EEFF401BA042FAD338BD5D00002039
:1078F00030B583B000230193002800F09780456DD8
:107900000446002D00F09780226893689D0005D5FD
:10791000936823F0204323F03F0393609368D800DB
:1079200019D4564B56481B6891689B09A0FB03036A
:1079300021F010419B0921F03F0101335B0041F030
:10794000805191600193019B2BB1019B013B0193FD
:10795000019B002BF9D19368D9006AD4636D43F081
:1079600010036365A36D01200343A365936813F0BF
:10797000040F636D56D1DB0654D4636D23F4817319
:1079800043F0020363659368DD070AD43D4B9B68AF
:10799000D90706D43C4965688B6823F47C132B43D4
:1079A0008B60E568636B94F820102B43A5682B432C
:1079B000657E012943EA453343EA014349D0A16A80
:1079C00021B1E56A01F4707129430B43D5682F4951
:1079D00029401943D16093681B0714D4D16894F8E7
:1079E0003030257E21F480415B0021F0020143EA22
:1079F00085330B43D36094F83830012B2ED01369B4
:107A000023F0010313612369012B1AD0136B23F0B8
:107A10000F031363636D23F0030343F001036365F6
:107A200003B030BD636D43F010036365012003B004
:107A300030BD00209AE7FBF7B7FAA56584F85050EF
:107A400062E7116BE36921F00F01013B0B43136304
:107A5000E0E7616A013943EA4143B0E71169E36B4A
:107A6000256C6FF38A012B430B43616C0B43A16CB4
:107A70000B4343F001031361C5E700BF5000002032
:107A8000632D3E05000004500003045007C0F0FFC2
:107A9000F8B54469082C05460E4604D00368DB6837
:107AA000DA0746D40424FFF70BFF2A680746136859
:107AB000234204D1731C23D113681C42FCD06B6D8C
:107AC00043F400736B65D36813F4406F0FD16B7E82
:107AD0006BB9136818070AD56B6D23F480736B6557
:107AE0006B6DD90403D46B6D43F001036B65082CF7
:107AF000D3681CD05B0401D40C2313600020F8BDB4
:107B0000FFF7DEFEC01BB0422A680AD91368234083
:107B1000CDD16A6D85F8503042F004026A650320C9
:107B2000F8BD002EC3D113682340C0D1F1E7146023
:107B3000E4E7436D43F0200301206B65F8BD00BF0F
:107B40000368186C704700BF08B5806AFDF7DAFF5C
:107B500008BD00BF704700BF036870B51D685E6850
:107B6000AA07044601D5B0077ED46A075CD5700722
:107B70005AD5626DD00603D4626D42F4007262651C
:107B8000DA6812F4406F18D1DA68910415D41A68D3
:107B9000120712D59A68500700F1C7805A6822F080
:107BA0000C025A60636D23F480736365636DD904BE
:107BB00003D4636D43F0010363652046FDF7ACFF1A
:107BC00023680C221A60AA0634D5B00632D5626D3D
:107BD000D00603D4626D42F400526265DA6C12F092
:107BE000C00FDA6862D112F4406FDA6840F0998011
:107BF000574991435BD01968480658D5910256D42D
:107C00009A68120700F19A805A6822F060025A605E
:107C1000636D23F480536365636DD80547D4636D4A
:107C200043F00103636542E02907CCD53207A0D4B5
:107C3000AA06CAD4690614D4290601D5320649D445
:107C4000E80501D5F10550D4AA0501D5B00535D414
:107C5000E90601D5F20615D4690501D5720550D49F
:107C600070BD7206E8D5B2E7636DD90603D4636DC3
:107C700043F400636365204600F072FD236802222E
:107C80001A6072E7626B12B1DA68D0070BD5636DC8
:107C900043F480636365A36D43F00203A36520464C
:107CA000FDF744FF236810221A60D5E7DB68204601
:107CB00000F04EFD236860221A60BDE7636D43F457
:107CC00080236365204600F049FD23684FF400726D
:107CD0001A60BDE7636D43F4803363652046FFF7A8
:107CE00039FF236880221A60AAE7636D43F40033EA
:107CF0006365204600F030FD23684FF480721A60FF
:107D0000A2E7626D42F480426265A26D4FF4806129
:107D100042F00802A26520461960BDE8704000F0FC
:107D200019BD91017FF567AFC1E7636D43F01003A3
:107D30006365A36D43F00103A3653EE7636D43F004
:107D400010036365A36D43F00103A365AFE700BFB4
:107D500000200002836A5A6D12F0500F10B55A6D60
:107D60001DD1196842F400725A650A6812F0080FB2
:107D7000CA681BD012F4406F0DD1CA6894040AD4AB
:107D80005A6D22F480725A655A6DD10403D45A6D2B
:107D900042F001025A651846FDF7BEFE10BDD2063C
:107DA0000AD4DB6CBDE810405B6B18479007E7D541
:107DB0001846FDF7B1FEF1E71846FDF7B7FE10BD16
:107DC000806A08B5436D43F040034365836D43F01B
:107DD00004038365FDF7AAFE08BD00BFF0B590F867
:107DE000502083B00346012A4FF00000019000F0BC
:107DF00023811C68012083F85000A26812F0040C53
:107E000058D14868052840F2908000F01F054FF0D7
:107E10001F0E82090EFA05FE02F00C0C6FEA0E0E20
:107E20000A6804F13000C2F38462AA4050F80C5092
:107E300005EA0E052A4340F80C20A268520742D5F5
:107E4000A2680A68A068C607154614D4CF68BA4865
:107E5000D4F8B06007F0180C20FA0CF0C2F3120E40
:107E6000104026EA0E0C40EA0C00C4F8B000B348FB
:107E7000874200F09280B24A154219D0B149B24807
:107E80008A68854202F0E07665D0B048854200F00D
:107E9000D680AF4885420BD1520209D4AD4A9442F4
:107EA00006D18A6822F0E072324342F480028A608E
:107EB000002003E05A6D42F020025A65002283F848
:107EC000502003B0F0BDA0680A680707BAD4D00DEF
:107ED00000F0040004F11405C2F3045C8E682A5813
:107EE000072707FA0CF706FA0CF622EA07023243D4
:107EF0002A50D1E90452042DE06800F0EA8004F130
:107F00006006C0F3C100400056F825C0924F824081
:107F100008680CEA070700F0F8403843024342F0D3
:107F2000004246F825200A688CE70238032803D966
:107F30006FF4F86E062573E7884A52F820504FF028
:107F40001F0EAA0905F01F050EFA05FE02F00C0C23
:107F50006FEA0E0E64E71502AAD47E4A9442A7D1B6
:107F60008A687F4822F0E072324342F400028A605D
:107F700002687C499209A1FB02129209013202EBCC
:107F8000420292000192019A002A91D0019A013A8C
:107F90000192019A002AF9D18AE7BEF1000F5DD063
:107FA00092FAA2F000286DD0B0FA80F0013000F013
:107FB0001F00092866D992FAA2F0002800F0478134
:107FC000B0FA80F00130800600F0F84092FAA2F595
:107FD000002D00F03A81B5FA85F5013505F01F0551
:107FE000012606FA05F5284392FAA2F2002A00F0CB
:107FF0002A81B2FA82F2551C05F01F0503226FF0A8
:108000001D0612FB0562120542F000720243D60DF6
:10801000886804F1140506F00406C2F3045200FA5D
:1080200002F74FF0070CA8590CFA02F220EA0202FC
:108030003A43AA510D681EE7022003B0F0BDD001FB
:108040003FF536AF434A94427FF432AF8A6822F05C
:10805000E072324342F080728A6029E7920E013268
:1080600002F01F06920602F0F8450122B240092EE6
:1080700045EA020006EB460229D91E3A120542F0F3
:108080000072C3E792FAA2F0002800F0E880B0FA8C
:1080900080F00130800600F0F84092FAA2F5002D41
:1080A00000F0DB80B5FA85F5013505F01F050126E6
:1080B00006FA05F5284392FAA2F2002A00F0CA80D7
:1080C000B2FA82F2013202F01F0202EB4202120502
:1080D0009CE70A68206E206EC2F31205C0F384602C
:1080E000002D41D1C2F38466B04273D0606E656EDC
:1080F00004F16000C5F3846504F1640CB54200F03E
:108100008E808568856800F10807C5F38465C2F331
:108110008466AE4272D0C568C56800F10C06C5F32E
:108120008460C2F3846585427FF48CAE326822F0AD
:10813000004232600A6885E6FFFF070000007F40CA
:108140000000088000030450000052C7000084CBE8
:10815000010000800000045000F0FF03DCCB0008A9
:1081600050000020632D3E0592FAA2F51DB1B5FA2C
:1081700085F5A8422ED0606E656E04F16000C5F3EF
:10818000846504F1640C92FAA2F600F10807BE4679
:10819000002E6CD0B6FA86F6AE4242D03D683D68FD
:1081A000C5F3846592FAA2FC00F10C06B646BCF158
:1081B000000F57D0BCFA8CFCAC4521D03068306839
:1081C000C0F3846092FAA2F5002D3FF43BAEB5FAFD
:1081D00085F5A8E7226E204622F0004240F8602F85
:1081E000626E0A68656EC2F3120604F1640CC5F390
:1081F0008465002EC7D1C2F384667FE700F10C0EC0
:108200003A6822F000423A60C2680A68C068C2F365
:1082100012057646C0F38460002D82D0D2E700F1CB
:10822000080EDCF8002022F00042CCF80020826822
:108230000A688568C2F312067746C5F38465002E86
:108240003FF465AFAEE70C4AE0E60225CBE64FF01F
:108250008060BBE64FF44012D8E602252AE74FF0D3
:1082600080601AE7C568C068C0F38460AAE78568C3
:108270008568C5F3846595E7000050FE03689A6839
:1082800012F0040F70B59A68044601D116073CD568
:10829000DA68950104D5208B40F20112904245D056
:1082A00002299A6833D0500702D59A68920759D5A7
:1082B000012955D09A6810070AD59A68920707D401
:1082C0009A6822F0004222F03F0242F020029A60B7
:1082D000032945D10C25FFF7F3FA236806469B686E
:1082E0001D4212D0FFF7ECFA801B05282368F6D94F
:1082F0009A682A42F3D0636D43F010036365A36D5F
:1083000043F00103A365012070BD002070BD160776
:108310000AD59A68950707D49A6822F0004222F09D
:108320003F0242F020029A600825D4E71A685006FE
:1083300006D4114A01E0013ADDD019684906FAD5A0
:1083400040221A609A6856070AD59A68950707D49A
:108350009A6822F0004222F03F0242F010029A6036
:108360000425B8E79A6822F0004222F03F0242F06A
:1083700010029A609CE700BF000040A370B582B075
:108380000022036801929A68D2072CD49968284A7F
:10839000114204462AD19A68264922F0004222F06E
:1083A0003F0242F001029A608B681B0229D4FFF75A
:1083B00087FA23681A68D607054614D41E4E9A68B1
:1083C000D00704D49A68324042F001029A60FFF765
:1083D00077FA431B022B236802D91A68D10705D507
:1083E0001A68D207EBD5002002B070BD636D43F070
:1083F00010036365A36D012043F00103A36502B080
:1084000070BD0E4B0E4A1B689B09A2FB03239B0900
:10841000013303EB43039B000193019B002BC6D068
:10842000019B013B0193019B002BF9D1BFE700BFEA
:108430003F00008000030450C0FFFF7F5000002079
:10844000632D3E0538B503689D6815F0040533D1EA
:1084500090F85030012B04462ED0012380F8503084
:10846000FFF78CFF50BB636D23F4706323F00103AF
:1084700043F480736365636DDA0448BFA36D2268BB
:1084800052BFA06523F00603A3651C2100231160E1
:1084900084F85030D3689B0105D5636D23F44053B5
:1084A00043F480536365936823F0004323F03F0354
:1084B00043F00403936038BD022038BD84F8505067
:1084C00038BD00BFF8B503689D6815F0040541D1BB
:1084D00090F85030012B04463CD0012380F85030F6
:1084E0000F461646FFF74AFF002835D1636DE06C52
:1084F000216823F4706323F0010343F48073636500
:10850000636D13F480531CBFA36D23F00603A365B2
:10851000134BC362134B03631C25134B43630D6062
:10852000002584F850504D6845F010054D60CD6829
:1085300045F0010533463A46CD60403100F0A2FCDB
:108540002268936823F0004323F03F0343F00403C1
:108550009360F8BD0220F8BD84F85050F8BD00BF0C
:10856000557D0008497B0008C17D000838B50368C7
:108570009A68950702D59B68002038BD9A68D40791
:10858000FAD59A6802F00D02012A044609D0636DFB
:1085900043F010036365A36D43F00103A36501205D
:1085A00038BD9A6822F0004222F03F02032142F0D7
:1085B00002029A601960FFF783F923689B68D90764
:1085C000054603D4D8E79B68DB07D5D5FFF778F9D4
:1085D000401B02282368F6D99A68D207F3D5D6E75C
:1085E00090F85030012B1DD0012310B5032180F8E5
:1085F00050300446FFF742FE18B1002384F8503093
:1086000010BD2046FFF7B2FF0028F6D1636D23F4BA
:10861000885323F0010343F001036365002384F8CA
:10862000503010BD0220704738B590F85030012B03
:1086300028D0012380F8503003210446FFF71EFEA6
:108640000546D0B92368E06CDA6822F00102DA60EE
:1086500090F82520022A18D05A6822F010025A6099
:108660002046FFF783FF054638B9636D23F488532E
:1086700023F0010343F001036365002384F85030C5
:10868000284638BD0225284638BD00F047FC05467F
:1086900060B1636D226843F040036365536823F063
:1086A000100320465360FFF761FFE6E72268536836
:1086B00023F010035360D3E730B590F8503083B007
:1086C0000022012B01923FD0012380F85030044654
:1086D0000D46FFF74BFF636DE0B923F4885323F099
:1086E0000203226843F002036365936823F040436A
:1086F00005F0804123F03F030B4343F000439360B8
:108700009368002B0EDB636D23F0030343F001033A
:10871000636502E043F010036365002384F8503082
:1087200003B030BD019B01330193019BB3F5912F41
:10873000E6D3636D23F01203002243F01003636558
:1087400084F850200120EBE7022003B030BD00BFC9
:10875000704700BF704700BF704700BF704700BF41
:10876000704700BF0749CA6803024FF6FF0003F4D1
:10877000E0630240134343F0BF6343F40033CB6034
:10878000704700BF00ED00E01B4BDB68C3F3022322
:1087900000B5C3F1070EBEF1040F03F1040C28BFAE
:1087A0004FF0040EBCF1060F1CD9A3F1030C4FF0DF
:1087B000FF3303FA0CF322EA03024FF0FF3303FA0C
:1087C0000EF321EA030303FA0CF313431B01002801
:1087D000DBB20ADB00F1604000F5614080F8003355
:1087E0005DF804FB00229446E7E7044A00F00F001E
:1087F000024413765DF804FB00ED00E0FCEC00E0C1
:10880000002807DB044A4109012300F01F008340D0
:1088100042F82130704700BF00E100E00138B0F1BC
:10882000807F01D30120704710B44FF0E023074C44
:1088300058614FF0F00C84F823C000220721104645
:108840009A615DF8044B1961704700BF00ED00E0CC
:108850002DE9F0419708056815D08C4601EB870695
:108860009CF801309CF800809CF803409CF802E0E2
:108870001B0443EA086323430CF1040C43EA0E2370
:10888000B4452B60ECD112F003020FD0012A11F88D
:1088900027404FEA87070CD03944022A4B7843EA35
:1088A00004232B801EBF8B782B7005682868BDE8D9
:1088B000F0812C7005682868BDE8F08130B5550856
:1088C00004680BD00B4601EB850EB3F800C0588846
:1088D000043340EA0C409E452060F6D1D30744BFE4
:1088E00031F825302380206830BD00BF002836D005
:1088F00010B5437F044603F0FF0263B323790222DD
:108900006277F3B92368174A5A619A6822F018020D
:108910009A6062798AB122691A619A68616922F063
:1089200060020A439A609A68A16922F080020A43B1
:1089300001219A606177002010BD4FF0FF321A616B
:10894000EBE7D4E90212204600F064F808B9236886
:10895000DFE7012010BD0277FAF7AAFBCEE701207E
:10896000704700BFB71DC10470B5066A4FF0020C16
:108970006645044680F81DC015D0032E05D0012E93
:1089800016D001236377002070BD00683AB1043926
:1089900001EB820251F8043F03609142FAD10123B6
:1089A0000068637770BDFFF789FF0123637770BDAF
:1089B000FFF74EFF0123637770BD00BFF8B506686F
:1089C000076A02254577B568022F45F00105044680
:1089D000B56014D0032F05D0012F15D00123637784
:1089E0000020F8BD3AB1043901EB820251F8043F8E
:1089F00033609142FAD1012330686377F8BDFFF705
:108A00005DFF01236377F8BDFFF722FF0123637742
:108A1000F8BD00BFCB071AD510B41F23013B5C1C67
:108A200021FA03FC15D01CF0010FF7D0182A11D839
:108A3000DFE802F0161010101010101024101010A3
:108A40001010101021101010101010101400012020
:108A500070472AB101205DF8044B7047062BF9D806
:108A600004686161A36823F0180313430020A36026
:108A70005DF8044B7047072BF2D9EBE70F2BEFD9CA
:108A8000E8E700BF88B110B50379044603F0FF02A0
:108A90003BB100230221012221712361227118467A
:108AA00010BD4271FAF750FBF3E70120704700BF99
:108AB000F8B504464079069F01285CD00D46114662
:108AC0000122627126680222227132684DBBA068C1
:108AD000DFF8C0C0C0F82CC0DFF8BCC0C0F830C0A0
:108AE00042F48052DFF8B4C0C0F834C0042F3260C2
:108AF00049D0082F41D0002F39D106F1080237683C
:108B000047F40057376000F0BDF90023637148BB9C
:108B1000226805F0100511680123AB400B43136078
:108B2000F8BDE068DFF878C0C0F82CC0DFF874C08A
:108B3000C0F830C042F08052DFF86CC0C0F834C0DA
:108B4000042F32601CD0082F20D097B906F11402F0
:108B5000376847F00057376000F094F900236371DD
:108B60000028D5D0236943F004032361F8BD2A46C9
:108B7000C5E70022ECE70220F8BD06F11002BEE7CF
:108B800006F11802E4E706F10C02B8E706F11C0250
:108B9000DEE700BF058C0008198C0008298C00084E
:108BA000798D0008898D0008958D0008036810B53F
:108BB0001A6801F0100C04464FF4805000FA0CF0D3
:108BC00022EA00021A601A68012000FA0CF022EA78
:108BD00000021A6049B9A06800F0A0F92268136881
:108BE00023F400531360002010BDE06800F096F9F4
:108BF0002268136823F000531360002010BD00BFEB
:108C0000704700BF10B5846A2046FFF7F9FF0123C3
:108C1000237110BD704700BF08B5806AFFF7FAFFE7
:108C200008BD00BF704700BF10B5846A236943F0D8
:108C3000040323612046FFF7F5FF0123237110BDD4
:108C4000F8B54379012B00F08680144602230122F7
:108C5000427103710E4609680429054638D0006840
:108C600004F010023369012B08D1846B73691F274C
:108C70009740934024EA070423438363D6E90234F0
:108C800023430B43C46B71680726964024EA06040D
:108C900093402343C36303684FF48044944023EA22
:108CA00004030360036840F6FC749440914023EA97
:108CB00004030B4303600368C02101FA02F223EAB4
:108CC00002030021012203602A7169710846F8BD80
:108CD000FEF7F6FD2B6807465B6B54B11CE0FEF710
:108CE000EFFDC01B01282B6802D95A6B120434D443
:108CF0005B6B1B04F3D40120FEF7E8FD2868B36921
:108D0000036411E0FEF7DCFDC01B01282B6802D9CB
:108D10005A6B002A21DB5B6B002BF3DB0120FEF793
:108D2000D5FD2868B369436404F01002836CF169CF
:108D300040F2FF349440914023EA04030B438364E0
:108D4000C36C316AFF249440914023EA04030B432F
:108D5000C364316886E70220F8BD2B69032243F023
:108D600008032B612A710320F8BD00BF704700BFC4
:108D7000704700BF704700BF10B5846A2046FFF7F8
:108D8000F5FF0123237110BD08B5806AFFF7F0FFDE
:108D900008BD00BF10B5846A236943F00403236152
:108DA0002046FFF7E7FF0123237110BD002850D0B4
:108DB0002E4A034600689042F0B441D92C492D4A0E
:108DC0002D4C0144A2FB012109098900022283F8EC
:108DD000252002681C646FF30E1259640260D3E907
:108DE00002521F6906682A433A435F693A439F6902
:108DF0003A43DF693A431F6A3A433243B5F5804F3D
:108E0000026014D0586801F01C010F228A4088408B
:108E10001A498C426FEA02021DD0D1F8A8442240C0
:108E2000C1F8A824D1F8A8240243C1F8A82400203E
:108E30000122D86383F8240083F82520F0BC704712
:108E40000F490C4A0D4C0144A2FB0121090989007C
:108E5000BCE701207047D4F8A8100A40C4F8A82045
:108E6000D4F8A8200243C4F8A820E0E70704024091
:108E7000F8FBFDBFCDCCCCCC00040240000002408A
:108E8000F8FFFDBF844690F8240001283AD030B5A1
:108E90009CF825E0012086458CF824005FFA8EF5C9
:108EA00006D0002380228CF82430CCF83C2030BD42
:108EB00002208CF825000020CCF83C00DCF84400AF
:108EC000DCF8004000F01C008540206820F0010024
:108ED0002060DCF8400045606360DCF80830102B4F
:108EE000DCF830300BBFA260A160E160E2605BB1F2
:108EF000236843F00E032360236843F0010300203E
:108F0000236030BD02207047236823F004032360F0
:108F1000236843F00A032360EEE700BF40B190F8F6
:108F20002530022B06D004220023C26380F82430AF
:108F3000012070470268436C116821F00101116043
:108F4000116821F00E0111604FF0010C026C03F06A
:108F50001C030CFA03F35360002380F825C080F84B
:108F600024301846704700BF90F82520022A03D00D
:108F70000422C263012070470168426C10B50C687E
:108F800024F001040C600C6824F00E040C6002F064
:108F90001C02046C012101FA02F26260826B80F80B
:108FA0002510002480F8244002B19047002010BD15
:108FB00070B4436C066C056831682C6803F01C03C0
:108FC00004229A400A420ED014F0040F0BD02B68F2
:108FD0009B0603D42B6823F004032B60036B7260A1
:108FE000FBB170BC184702229A400A421BD014F011
:108FF000020F18D02B68990606D42B68012123F0A4
:109000000A032B6080F82510134B9D4296BF134B2B
:10901000C3F884235A60C36A002280F82420002BFE
:10902000DFD170BC704708229A400A42F9D022076B
:10903000F7D52A68416B22F00E022A60012202FA5B
:1090400003F300247360C26380F8244080F8252075
:109050000029E6D070BC08478000024000000240B2
:10906000C06B7047064B5A69002A01DB002070472D
:109070000449054A99609A605869C00F704700BF5B
:109080000020024023016745AB89EFCD034A5369B5
:1090900043F0004300205361704700BF00200240AE
:1090A00070B50446FEF70CFC124E05463369DA0330
:1090B00005D5601C0FD10F4A1369D903FCD40D4AA2
:1090C0000D4913690B400DD11369DB0744BF012320
:1090D0001361002070BDFEF7F3FB401BA042E5D3F7
:1090E000032070BD054C6168194361600120136164
:1090F00070BD00BF00200240FAC3020064000020DF
:109100002DE9F843344E98463378012B27D00123BC
:1091100007464CF250300D4614463370FFF7C0FF3F
:10912000814620B1002333704846BDE8F8832B4ABE
:109130007060136813F480631FBF136823F48063A7
:109140001360022333777FB17B1E012B22D94CF2AF
:109150005030FFF7A5FF814600F042F8E2E74FF0FC
:1091600002094846BDE8F8831C4A536943F00103ED
:1091700053612C60BFF36F8F4CF25030C5F8048000
:10918000FFF78EFF6FF001018146144A53690B40CF
:109190005361E1E711494B6943F4802322464B6157
:1091A000EFF3108472B6A91A02F580701368535059
:1091B00004328242FAD184F31088022F4CF25030EC
:1091C00003D0FFF76DFF8146C6E7FFF769FF6FF435
:1091D00080218146D9E700BF6400002000200240C2
:1091E00015490B7F03F0FD02012ADBB210D1134AAF
:1091F000106820F400701060106840F40060106087
:10920000106820F400601060106840F40070106076
:10921000023B012B0CD8094B1A6842F480521A60A9
:109220001A6822F480521A601A6842F480621A6046
:1092300000230B77704700BF64000020002002402D
:109240002DE9F047404F3B78012B54D08246012452
:109250004CF2503088463C70FFF722FF064620B1A2
:1092600000233B703046BDE8F087384B78601A68C1
:1092700012F4007F1A6842D152054BD51A6822F4C5
:1092800080621A6002233B77DAF80030012B43D06A
:109290004FF0FF33C8F80030DAE902532B449D4207
:1092A00026D22A4CDFF8A89005E0DAE9023201352F
:1092B0001344AB421CD96269EB0022F47E7203F4C2
:1092C000FF6313436361636943F00203636163698E
:1092D00043F4803363614CF25030FFF7E1FE636981
:1092E00003EA090363610028DFD0C8F8005006468E
:1092F000FFF776FFB4E702263046BDE8F087510558
:1093000006D51A6822F480621A6003233B77BBE714
:109310003C77B9E73877B7E7DAF80430DB0704D5EC
:109320000A4A536943F004035361084C636943F4E8
:10933000803363614CF25030FFF7B2FE636923F073
:10934000040306466361D3E7640000200020024066
:1093500005FCFFFF2DE9F04F0C6885B0002C00F0F4
:10936000B98000234FF0010B62E0BCF1030F40F025
:10937000BB800CFA02F2D0F800C00CEA07073A43AF
:1093800015F4403F02604FD05D4F3A6E42F001024B
:109390003A663A6E02F001020392039A23F0030246
:1093A00002F1804202F5803203F0030C97684FEA25
:1093B0008C0C0F2606FA0CFEB0F1904F27EA0E0730
:1093C0000ED0504EB04200F088804F4EB0420CBFDD
:1093D0004FF0020E4FF0070E0EFA0CFC47EA0C0796
:1093E00097604A4A9268EE026FEA0A07474E54BFF6
:1093F0003A404AEA0202B260F268AE02434E54BFFB
:109400003A404AEA0202F2607268AE033F4E54BF2D
:109410003A404AEA020272603268ED033B4D54BFA3
:109420003A404AEA02022A60013334FA03F251D088
:109430000BFA03FE1EEA040AF6D04D6805F0030C91
:109440005A0003260CF1FF3806FA02F7B8F1010FB3
:109450006FEA070789D8D0F80890CE6809EA0709AB
:1094600006FA02F848EA0908C0F80880D0F8048033
:109470008E6828EA0E08C5F3001E0EFA03FE4EEAB7
:10948000080EC0F804E0D0F80C8006FA02FE08EAE4
:1094900007084EEA080EBCF1020FC0F80CE07FF49A
:1094A00068AF0E694FEAD30803F0070E00EB880897
:1094B0004FEA8E0E06FA0EF6D8F8209001960F2687
:1094C00006FA0EFE019E29EA0E0946EA090EC8F8C0
:1094D00020E04EE705B0BDE8F08F4FF0010E0EFA28
:1094E0000CFC47EA0C077BE7D0F80C808E6808EA92
:1094F000070806FA02FE4EEA080EC0F80CE038E74C
:109500000010024000040048000800480004014028
:109510000369194214BF0120002070470AB181611C
:1095200070478162704700BF044A5169014200D10F
:10953000704708B55061FCF72DFB08BD00040140E1
:1095400040B3D0E9003170B5826804464CF6CC4097
:10955000186045F25550186059609A60FEF7B0F9EE
:109560002368DA68054650070DD041F60106FEF77C
:10957000A7F9401BB042236802D9DA6851070BD122
:10958000DA685207F3D11969E268914206D01A618C
:10959000002070BD01207047032070BD4AF6AA224A
:1095A0001A60F5E703684AF6AA2200201A6070479D
:1095B000024A136843F480731360704700700040E0
:1095C000024B186800F4C060704700BF0070004094
:1095D000B0F5007F0ED01B4A136803F4C063B3F5E7
:1095E000806F05D0136823F4C06343F48063136075
:1095F0000020704713490B6803F4C063B3F5007F84
:10960000F6D00B68104A23F4C06343F400730B6078
:1096100013680E4A322000FB03F34869A2FB0323C0
:109620009B0C400503F1010306D500E023B14A6914
:10963000520503F1FF33F9D4024B5B695B05D7D5C3
:1096400003207047007000405000002083DE1B4361
:1096500030B5204DAB6DDB0083B004461AD5FFF763
:10966000AFFFB0F5007F27D0802C2CD82FD0A4F1ED
:109670007004B4FA84F4640917490B6823F00703F3
:1096800023430B60086800F00700001B18BF01208F
:1096900003B030BDAB6D43F08053AB65AB6D03F0F1
:1096A00080530193019BFFF78BFFAB6DB0F5007FFB
:1096B00023F08053AB65D7D1802C06D9A02C8CBF6A
:1096C00002240124D8E70324D6E70024D4E70224A7
:1096D000D2E700BF0010024000200240264A9368F3
:1096E000D26813F00C0305D00C2B32D0042B3ED1E2
:1096F00022487047204A1168090754BFD2F89420C5
:1097000012681F4954BFC2F30322C2F3031251F877
:109710002200002BEDD0184BDB6803F00303022B73
:1097200023D0184A032B08BF1046134BD968DA68B8
:10973000DB68C3F34163C2F30622C1F302110133B4
:1097400000FB02F201315B00B2FBF1F2B2FBF3F07D
:10975000704702F00302012ACCD0074BDB6803F00C
:109760000303022B4FF00000DBD10448DDE7082B98
:10977000044818BF00207047001002400024F40085
:1097800000C5000800127A00002800F009832DE9C6
:10979000F0438D4A03689568D668D90683B00446BD
:1097A00005F00C0506F003061A462FD5002D00F033
:1097B00014810C2D00F00E81A369834F002B00F063
:1097C000A8813B6843F001033B60FEF779F88046CF
:1097D00006E0FEF775F8A0EB0800022800F295817C
:1097E0003B689A07F5D53B6843F008033B603B684C
:1097F000226A23F0F00313433B607B68E26923F4A1
:109800007F4343EA02237B6023681A46DF0729D59A
:10981000082D00F04C810C2D00F046816368B3F5F3
:10982000803F00F08A81B3F5A02F00F00882664FD8
:109830003A6822F480323A603A6822F480223A6030
:10984000002B40F07F81FEF73BF8804606E0FEF7F4
:1098500037F8A0EB0800642800F257813B689803B2
:10986000F5D42268910713D5042D40F0F880564BAB
:109870001B685A0503D5E368002B00F01381524A98
:109880002169536823F0F85343EA01635360226867
:10989000110719D563694C4E002B00F01181D6F8E1
:1098A000943043F00103C6F89430FEF709F80746F8
:1098B00005E0FEF705F8C01B022800F22681D6F865
:1098C00094309A07F5D5226857073FD53E4B9A6DDD
:1098D000D60000F147819A6D42F080529A659B6DE7
:1098E00003F080530193019B0126384F3B68D80554
:1098F00040F1FA80A368012B00F04881052B00F0AD
:10990000AB81314FD7F8902022F00102C7F89020A8
:10991000D7F8902022F00402C7F89020002B40F0E6
:109920003C81FDF7CDFF41F28839804606E0FDF726
:10993000C7FFA0EB0800484500F2E780D7F8903059
:109940009B07F4D4002E40F06E812268900618D553
:10995000636A1D4E002B00F05181D6F8983043F019
:109960000103C6F89830FDF7ABFF074605E0FDF7A9
:10997000A7FFC01B022800F2C880D6F898309907CC
:10998000F5D5A36ADBB1022B00F07C810C2D00F031
:1099900089800D4C236823F080732360FDF790FFCE
:1099A000054605E0FDF78CFF401B022800F2AD8064
:1099B00023689B01F6D4E268054B1340E360002066
:1099C00003B0BDE8F08300BF00100240007000400B
:1099D000FCFFEEFE012E7FF4EFAEA64B1B689B074B
:1099E0005DD4A44B206A1A68170756BFD3F8943089
:1099F0001B681B0903F0F003984200F2E3809D4BC3
:109A00001A6842F008021A601A6822F0F002024353
:109A10001A605A68E16922F47F4242EA01225A60E0
:109A2000002D00F00681FFF759FE924B924A9B6889
:109A3000C3F30313D35C914A03F01F0320FA03F32B
:109A400010688F4A1360FDF7F9FE0028B8D122682C
:109A5000D10713463FF5DFAE91077FF519AF0C2D07
:109A600000F0C880E368834E002B7DD0336843F458
:109A700080733360FDF724FF074604E0FDF720FF05
:109A8000C01B022841D833685B05F7D5736822698B
:109A900023F0F85343EA026373602268F8E6A3698F
:109AA000002B9ED101208BE7032E7FF4B7AE714AC5
:109AB0001268900302D56268002AF3D01A46CBE7F9
:109AC000D6F8943023F00103C6F89430FDF7F8FE81
:109AD000074604E0FDF7F4FEC01B022815D8D6F8AF
:109AE00094309B07F6D4EEE63B6843F480733B600A
:109AF000FDF7E6FE80463B68D9053FF5FBAEFDF776
:109B0000DFFEA0EB08000228F5D9032003B0BDE872
:109B1000F0833B6823F001033B60FDF7D1FE8046F4
:109B200005E0FDF7CDFEA0EB08000228EDD83B686C
:109B30009B07F6D423681A4668E64E4A136843F436
:109B400080331360FDF7BCFEDFF82881074604E090
:109B5000FDF7B6FEC01B6428D7D8D8F800309B03A9
:109B6000F6D57EE60026C0E6336823F480733360C2
:109B7000FDF7A6FE074604E0FDF7A2FEC01B022883
:109B8000C3D833685805F7D4226881E6394AD2F839
:109B9000903043F00103C2F89030FDF791FEDFF8FA
:109BA000D480074641F2883904E0FDF789FEC01BE6
:109BB0004845AAD8D8F890309A07F6D5002E3FF439
:109BC000C4AE30E0FFF744FD00287FF46BAF294BB3
:109BD0001A6842F008021A601A68216A22F0F0023C
:109BE0000A431A605A68E16922F47F4242EA01227C
:109BF0005A6018E7022E7FF435AF38E6D6F8983071
:109C000023F00103C6F89830FDF75AFE074605E039
:109C1000FDF756FEC01B02283FF677AFD6F8983006
:109C20009A07F5D4ADE6134A936D23F080539365FC
:109C30008BE6FFF70DFD00283FF4F5AE32E703F1A8
:109C40008043A3F53C331A6842F480221A601A68F4
:109C500042F480321A6075E7064BD3F8902042F048
:109C60000402C3F89020D3F8902042F00102C3F818
:109C7000902092E70010024038C5000860000020E4
:109C800050000020474EE26AF36803F0030191425E
:109C900049D00C2D3FF406AF424D2B685B013FF5D8
:109CA00001AF2B6823F080732B60FDF709FE064699
:109CB00005E0FDF705FE801B02283FF626AF2B6866
:109CC0009F01F6D4E968384BE26A206B0B401343DE
:109CD000D4E90D1243EA012343EAC263D4E90F1227
:109CE0000138490843EA00130139520843EA415355
:109CF000013A43EA4263EB602B6843F080732B60C8
:109D0000EB6843F08073EB60FDF7DAFD254D044608
:109D100005E0FDF7D5FD001B02283FF6F6AE2B68E7
:109D20009801F6D54BE6216B03F070020139B2EBD6
:109D3000011FAED1616B03F4FE42B2EB012FA8D13B
:109D4000A16B03F07842B2EBC16FA2D1E26B520873
:109D500003F4C001013AB1EB425F9AD1226C520880
:109D600003F0C063013AB3EB426F92D133689901BB
:109D70003FF525AE336843F080733360F36843F0FA
:109D80008073F360FDF79CFD044605E0FDF798FD48
:109D9000031B022B3FF6B9AE33689A01F6D50EE6E7
:109DA00001207047001002408C809D01002800F0C7
:109DB000A080544A136803F007038B422DE9F04159
:109DC0000D4604460CD2136823F007030B431360BF
:109DD000136803F007038B4202D00120BDE8F08135
:109DE0002368990703F0010270D5474EA068B16857
:109DF00001F0F001884204D9B16821F0F00101437B
:109E0000B16032B36268404B032A1B6865D0022AF6
:109E10006CD0002A71D19E07DFD53B4EB36823F08A
:109E200003031343B360FDF74BFD41F28838074647
:109E300004E0FDF745FDC01B40455CD8B36862688F
:109E400003F00C03B3EB820FF3D12368990706D517
:109E5000A0682D498A6802F0F002824240D8294960
:109E60000A6802F00702AA4209D90A6822F007022A
:109E70002A430A600A6802F00702AA42ADD15A07D3
:109E800006D52149E0688A6822F4E06202438A60CC
:109E90001B0707D51C4A2169936823F4605343EAE2
:109EA000C1039360FFF71AFC174A184C92681849CF
:109EB000C2F303120346A25C164802F01F02D3400D
:109EC000BDE8F04100680B60FDF7B8BC002AC6D0C1
:109ED00062680D4B032A1B6899D19B019DD47CE7D6
:109EE0008A6822F0F00202438A60B8E79F0394D4A4
:109EF00073E701207047032070E758057FF56DAFC9
:109F00008BE700BF002002400010024038C5000867
:109F10005000002060000020054B064A9B6806495F
:109F2000C3F302230868D35C03F01F03D8407047D3
:109F30000010024030C5000850000020054B064AC2
:109F40009B680649C3F3C2230868D35C03F01F0370
:109F5000D84070470010024030C500085000002073
:109F6000454AF8B5D6680D46B1070446006806D0E4
:109F7000D16801F0030181424BD00120F8BD0228D5
:109F800058D003284FD00128F7D112689307F5D590
:109F90003949CA6822F0730242EA00036268013A52
:109FA00043EA0213CB60344E336823F0806333609E
:109FB000FDF786FC074604E0FDF782FCC31B022B7D
:109FC0003CD833681A01F7D4A3681902002D37D1A1
:109FD0003269E36822F0784241EAC36322F4FE4228
:109FE00013433361244D2B6843F080632B60FDF7EE
:109FF00067FC064604E0FDF763FC801B02281DD8C1
:10A000002B681B01F7D52B69A269134300202B6134
:10A01000F8BD0029B1D0D3686268C3F302130133DD
:10A020009342AAD1BFE711688E03B1D412685103DD
:10A03000A3D5ADE7126857059FD5A9E70320F8BD62
:10A04000012D33690BD0626923F0C063520823F4F9
:10A05000FE43013A0B4343EA42633361C2E722699C
:10A0600023F4C003520823F4FE43013A0B4343EAAE
:10A0700042533361B6E700BF001002402DE9F043C0
:10A08000036813F4006683B0044613D0C16BB1F5C6
:10A09000000F00F0FD80B1F5400F00F0FE800029B8
:10A0A00040F01A810430FFF75BFF0646002800F0FD
:10A0B000308123689F0354D5974B9A6DD50040F1AA
:10A0C000DC800027954D2B6843F480732B60FDF7EF
:10A0D000F7FB804606E0FDF7F3FBA0EB0803022B3D
:10A0E00000F2E5802B68D805F5D5B6BB8A4D226D08
:10A0F000D5F8903013F4407327D0934225D0D5F88B
:10A100009010D5F8903043F48033C5F89030D5F8EE
:10A11000903023F48033C5F8903021F44073C907A0
:10A12000C5F8903011D5FDF7CBFB41F28839804658
:10A1300006E0FDF7C5FBA0EB0800484500F2B7803C
:10A14000D5F890309B07F4D5226D7349D1F8903043
:10A1500023F440731343C1F890302368002F40F07C
:10A16000AB80DF0708D56C49206AD1F8882022F03F
:10A1700003020243C1F888209D0708D56649606A3A
:10A18000D1F8882022F00C020243C1F888209806FA
:10A1900008D56149A06AD1F8882022F440620243C0
:10A1A000C1F88820990508D55B49606BD1F88820F3
:10A1B00022F440220243C1F888205A0508D55649A6
:10A1C000A06BD1F8882022F440120243C1F8882005
:10A1D0005F0608D55049E06AD1F8882022F4405241
:10A1E0000243C1F88820DD0508D54B49206BD1F822
:10A1F000882022F440320243C1F8882098040ED50A
:10A200004549206CD1F8882022F040620243B0F129
:10A21000006FC1F8882055D0B0F1806F67D0590326
:10A220000ED53D49606CD1F8882022F0406202438F
:10A23000B0F1006FC1F8882049D0B0F1806F5FD0D5
:10A240005A040BD53448A16CD0F8882022F0405233
:10A250000A43B1F1805FC0F888203FD01B0408D5C5
:10A260002D4AE16CD2F8883023F080430B43C2F8CA
:10A270008830304603B0BDE8F0839A6D42F08052DA
:10A280009A659B6D03F080530193019B012719E7A9
:10A290002148C26842F48032C2601F48D0F888204A
:10A2A00022F440020A43C0F88820002602E723680F
:10A2B0000326002F3FF455AF17498A6D22F08052D4
:10A2C0008A654EE7CA6842F48012CA60A7E7CA6886
:10A2D00042F48012CA60B3E70126EBE60221201D9A
:10A2E000FFF73EFE23680028B8D00646B6E70121F6
:10A2F000201DFFF735FE2368002890D006468EE724
:10A300000121201DFFF72CFE2368002898D0064667
:10A3100096E7E16B2368C0E7001002400070004040
:10A32000024A136843F004031360704700100240B0
:10A33000F0B583B00D4614460646FDF7C1FA2C442D
:10A34000241AFDF7BDFA294B1B68C3F3CB3304FB7A
:10A3500003F3074601933268936813F0800314D027
:10A360006B1C05D1906810F08000FBD103B0F0BDEC
:10A37000FDF7A6FAC01BA0420AD2019B2BBB326894
:10A380001C46936813F08003EAD1184603B0F0BD71
:10A39000D6E900315A68B1F5827F22F0E0025A60B6
:10A3A00017D0B26AB2F5005F07D11A6822F40052E2
:10A3B0001A601A6842F400521A600122002386F8DB
:10A3C0005D2086F85C300320D0E7019B013B0193C0
:10A3D000C1E7B268B2F5004F02D0B2F5806FE0D1AC
:10A3E0001A6822F040021A60DBE700BF500000202C
:10A3F0002DE9F04383B04FF0000C1D460C46174684
:10A4000006468DF803C0FDF75BFA3D442D1AFDF7B3
:10A4100057FA314BD6F800901B6803EB8303C3EB6C
:10A42000C3031B0D05FB03F38046019349468B686C
:10A430001C4207D0B4F5C06F0CD07B1C13D18B68C5
:10A440001C42FCD1002003B0BDE8F0838B6813F4FC
:10A45000C06FF7D099F80C30DBB28DF803307A1C5E
:10A460009DF80330F2D0FDF72BFAA0EB0800A842CC
:10A4700004D2019B3168F3B91D46D8E7D6E9003113
:10A480005A68B1F5827F22F0E0025A6017D0B26AB2
:10A49000B2F5005F07D11A6822F400521A601A68F8
:10A4A00042F400521A600122002386F85D2086F8EB
:10A4B0005C300320C7E7019B013B0193B7E7B2681B
:10A4C000B2F5004F02D0B2F5806FE0D11A6822F0E9
:10A4D00040021A60DBE700BF5000002070B5134651
:10A4E0000D4616460A464FF4C0510446FFF780FF5A
:10A4F00070B9324629462046FFF71AFF40B9334665
:10A500002A464FF4C0612046FFF772FF00B970BDC4
:10A51000236E43F020032366032070BD002874D00F
:10A520002DE9F0410446406A002853D00023C4E9D5
:10A53000043394F85D300022A26203F0FF02002B86
:10A5400057D02168E768022384F85D300B68B7F5BF
:10A55000E06F23F040030B6042D851D1A56A4FF45D
:10A56000805C05F400556268A368A66903F404439F
:10A5700002F482721A43236903F0020313436269EF
:10A5800002F001021A43636B07F4706703F00803DB
:10A5900043EA070EE36903F03808236A03F08007F3
:10A5A00006F40073134343EA08033B43360C2B4382
:10A5B00006F004060B6000F010004EEA06030343A9
:10A5C00043EA0C034B6000200123206684F85D30D1
:10A5D000BDE8F0816368B3F5827FAAD0E061A8E7A7
:10A5E000B7F5706F13D1A56A4FF0000C05F4005554
:10A5F000B9E7204684F85C20F8F784FF606AA0E79A
:10A600004FF4805C0025A562ADE7012070474FF054
:10A61000000CF7E72DE9F041044682B01D460F46D5
:10A620009046FDF74DF994F85D30012B67D1064651
:10A63000D8B2002F60D0B8F1000F5DD094F85C3034
:10A64000012B5CD0A26884F85C0000230321B2F5E2
:10A65000004F84F85D10C4E9133323662364A4F823
:10A660004430A4F83E80A763A4F84630A4F83C80A8
:10A67000236807D11A6822F040021A601A6842F46F
:10A6800080421A601A68520603D41A6842F04002E7
:10A690001A60E2686168B2F5E06F34D9002900F011
:10A6A0009080B8F1010F00F08C80E28F92B292B9E5
:10A6B00052E0A26B32F8021BD960B4F83EC0A2632C
:10A6C0000CF1FF3C1FFA8CFCA4F83EC0E38F9BB258
:10A6D000002B41D023689A689707EAD4FDF7F0F879
:10A6E000801BA842F2D3681CF0D0012384F85D30AF
:10A6F000002384F85C30032002B0BDE8F081022022
:10A7000002B0BDE8F08100294ED0B8F1010F4BD066
:10A71000E38F9BB28BB91FE0E38FA06B9BB2012B41
:10A72000014637D931F8023BD360E38FA163023B86
:10A730009BB2E387E18F89B271B122689368990770
:10A74000EAD4FDF7BDF8801BA842F3D36B1CCCD133
:10A75000E18F89B20029F0D1324629462046FFF721
:10A76000BDFE08B120232366A36833B92268019394
:10A77000D368019393680193019B012384F85D30B2
:10A78000206E0023C01A18BF012084F85C3002B08C
:10A79000BDE8F08103781373E38FA26B013B0132B4
:10A7A0009BB2A263E387C5E7E28F92B2012A11D977
:10A7B00037F8022BDA60E38FA763023B9BB2E38793
:10A7C000A6E737F8022BDA60E28FA763013A92B26C
:10A7D000E2876AE73A781A73E38FA26B013B013292
:10A7E0009BB2A263E38793E790F85D30012B64D1BD
:10A7F000002964D0002A62D010B50446D8B294F87B
:10A800005C30012B6FD084F85C00A068A287002325
:10A810004FF0030CB0F5004F84F85DC0C4E913336A
:10A820002366A163E28723642268A4F84430A4F875
:10A83000463007D1136823F040031360136843F4D4
:10A8400080431360606D294B0363294BC362294B1E
:10A85000436300238363536823F480435360E368B6
:10A86000B3F5E06F0FD88369B3F5806F0BD1E38F39
:10A8700013F0010F53682DD123F480435360E38F0D
:10A88000C3F34E03E387E38F0C329BB2FEF7FAFA71
:10A89000B8B923681A68520603D41A6842F0400215
:10A8A0001A60002284F85C205A6842F020025A6044
:10A8B0005A6842F002025A6010BD0220704701201F
:10A8C0007047236E002243F0100384F85C20236657
:10A8D000012010BD43F480435360E38FC3F34E0364
:10A8E0000133E387CFE7022010BD00BFFDA80008B9
:10A8F0002DA9000809A90008704700BF08B5806AA3
:10A90000FFF7FAFF08BD00BF806A026808B5536808
:10A9100023F003035360036E012143F01003036629
:10A9200080F85D10FBF716F908BD00BF30B505468D
:10A9300083B0846AFCF7C4FF2B681B689B0622D493
:10A9400023680246586820F020005860586820F0BC
:10A950000200586064212046FFF7C0FD18B1236E45
:10A9600043F020032366A36833B922680193D368B8
:10A97000019393680193019B01230022E28784F8ED
:10A980005D30236E23B92046FBF7DAF803B030BD03
:10A990002046FBF7DFF803B030BD00BF30B50268DA
:10A9A0005168936813F0400F85B00446C3F38015D7
:10A9B00016D113F0010F53D198076AD508067CD43D
:10A9C000980613D4DB0568D58D0666D5236E002066
:10A9D00043F008032366039093680393039B18E0F6
:10A9E000980742D5080668D4980640D5880654D5FD
:10A9F000002D56D1206E40F001002066002002900C
:10AA000090680290106820F0400010600298DB050A
:10AA1000DCD4236E002B40D05368012023F0E003E8
:10AA20008D07536084F85D0059D05368A06D23F002
:10AA30000303536040B12C4B8363FEF795FA18B1C2
:10AA4000236E43F040032366606D30B3264B83636F
:10AA5000FEF78AFA08B3236E43F0400323661CE036
:10AA600011F0400FA8D0C36C29E09D0617D48806CA
:10AA700013D594F85D00032817D0206E40F0040031
:10AA8000206600200090D0680090906800900098A8
:10AA9000BDE7980696D58806ACD405B030BD8D06C6
:10AAA000FBD594F85D0003280DD100230193D368F2
:10AAB000019393680193019BEFE7236D204605B056
:10AAC000BDE830401847206E40F0040020660020AA
:10AAD0000090D06800909068009000988AE7204627
:10AAE000FBF738F8D9E700BFEDAA000808B5806A7F
:10AAF0000023A0F84630C387FBF72CF808BD00BF41
:10AB0000036A026A22F00102026270B44468826938
:10AB10000D6822F4803222F073022A438D6823F0FC
:10AB200002032B43104DA84207D005F5A055A842BB
:10AB300003D005F58065A8420FD1056A25F004050C
:10AB40000562CD6823F008032B43D1E9056524F4A1
:10AB5000407446EA050C4CEA04044968446082618A
:10AB600070BC416303627047002C0140036A026AB3
:10AB700022F48072026270B44468C2690D6822F4E3
:10AB8000803222F073022A438D6823F4007343EA73
:10AB90000523114DA84215D005F5A055A84202D0B5
:10ABA0000E4DA84207D1D1E9056524F4405446EA88
:10ABB000050C44EA0C1449684460C26170BCC1636E
:10ABC00003627047056A25F480650562CD6823F449
:10ABD000006343EA0523E6E7002C014000440140FE
:10ABE000026A036A23F48053036230B44468C36981
:10ABF0000D6823F0807323F4E64343EA05238D6850
:10AC000022F4005242EA05320B4DA84207D005F566
:10AC1000A055A84203D005F58065A84204D14D692E
:10AC200024F4804444EA851449684460C36130BC1C
:10AC300001640262704700BF002C0140026A036A8F
:10AC400023F48033036230B44468436D0D6823F409
:10AC5000803323F070032B438D6822F4003242EAE4
:10AC600005420B4DA84207D005F5A055A84203D0D8
:10AC700005F58065A84204D14D6924F4803444EA86
:10AC8000052449684460436530BC816502627047B1
:10AC9000002C0140026A036A23F48013036230B47B
:10ACA0004468436D0D6823F0807323F4E04343EA66
:10ACB00005238D6822F4001242EA05520B4DA8428A
:10ACC00007D005F5A055A84203D005F58065A84238
:10ACD00004D14D6924F4802444EA85244968446001
:10ACE000436530BCC1650262704700BF002C014063
:10ACF00090F83D30012B13D103680F4A0221934293
:10AD000080F83D100ED0B3F1804F0BD002F5A05269
:10AD1000934207D01A6842F001021A60002070477F
:10AD2000012070479968054A0A40062AF6D0B2F514
:10AD3000803FEFD1F2E700BF002C01400700010087
:10AD40000268136A03F0113323F0885343B9116A80
:10AD500040F24443194203D1136823F00103136006
:10AD6000012380F83D300020704700BF10290AD829
:10AD7000DFE801F0190909093F090909570909091B
:10AD8000470909094F0090F84330012B62D10B1F8E
:10AD90000C2B4ED8DFE803F0314D4D4D494D4D4D54
:10ADA000394D4D4D410090F83E30012B52D10223D8
:10ADB00080F83E30036801F01F01186A01228A40C2
:10ADC00020EA02001862186A264902438B421A627E
:10ADD00033D0254A934230D002F5806293423BD073
:10ADE000B3F1804F2DD01A6842F001021A600020A2
:10ADF000704790F83F30012B2CD1022380F83F3070
:10AE0000D8E790F84130012B24D1022380F841305B
:10AE1000D0E790F84230012B1CD1022380F8423059
:10AE2000C8E790F84030012B14D1022380F840305D
:10AE3000C0E7022380F84330BCE75A6C42F400427A
:10AE40005A649968094A0A40062AD0D0B2F5803F70
:10AE5000C9D1CCE7012070475A6C42F400425A64D1
:10AE6000C1E700BF002C0140004001400700010085
:10AE7000704700BFFFF77ABF00B5034690F83E0069
:10AE800093F83F2093F844C093F845E0C0B25FFACE
:10AE90008CFCE1B9012802D001205DF804FBBCF173
:10AEA000010FFAD11A68022183F83E1083F844108A
:10AEB000136A23F001031362136A43F00103136260
:10AEC000136843F00103002013605DF804FB0429BC
:10AED000D2B25FFA8EFE1CD00128DDD1012ADCD16E
:10AEE000BCF1010FD9D1BEF1010FD6D11A680221F0
:10AEF00083F83E1083F83F1083F8441083F8451020
:10AF0000136A23F001031362136A43F0010313620F
:10AF10000AE0012AC0D1BEF1010FBDD102211A6899
:10AF200083F83F1083F84510136A23F0100313626F
:10AF3000136A43F010031362C2E700BF90F83C208D
:10AF4000012A7CD0034630B402680224012083F831
:10AF50003D4083F83C009568604C2C4094600C6840
:10AF6000602C00F0968027D8402C6AD044D9502C11
:10AF70003AD14868CD68116A146A24F00104146259
:10AF8000574CA24256D004F5A054A24252D004F528
:10AF90008064A2424ED021F00A010843916921F059
:10AFA000F00141EA051191611062916821F0700190
:10AFB00041F05701916016E0B4F5805F13D0B4F50D
:10AFC000005F27D0702C0FD1D1E90150946828433D
:10AFD000CD6824F47F4140EA0520084390609168E1
:10AFE00041F07701916000200121002283F83D109B
:10AFF00083F83C2030BC7047202C03D065D834F057
:10B000001001F1D1916821F07001214341F0070155
:10B010009160E8E7D1E9015094682843CD6824F4B1
:10B020007F4140EA052008439060916841F48041E7
:10B030009160D8E7146A24F004041462ABE702209C
:10B0400070474868CD68116A146A24F001041462DC
:10B05000234CA24218D004F5A054A24214D004F507
:10B060008064A24210D021F00A010843916921F0C6
:10B07000F00141EA051191611062916821F07001BF
:10B0800041F047019160AEE7146A24F004041462B1
:10B09000E9E74D68CC68116A106A20F01000106270
:10B0A0000F48824214D0906921F0A00120F4704032
:10B0B00041EA051140EA043090611162916821F083
:10B0C000700141F0670191608DE7302C9AD08BE7D9
:10B0D000106A20F040001062E5E700BF8800FEFF24
:10B0E000002C014070B41E4E4A6903688D680C68DC
:10B0F000B0420FD0B0F1804F0CD006F5A056B04250
:10B1000024D0184EB04221D023F08003C5621A43E8
:10B11000846212E04E6823F070033343CE68C56248
:10B1200023F4407384620E4C334323F08003A04227
:10B1300042EA030201D10B6903630368012143F072
:10B140000403036070BC416102607047CE68C56251
:10B1500023F44073334323F080031A438462EAE705
:10B16000002C01400044014070B310B590F83D3010
:10B17000044603F0FF0213B32146022384F83D3056
:10B1800051F8040BFFF7AEFF012384F8483084F830
:10B190003E3084F83F3084F8403084F8413084F801
:10B1A000423084F8433084F8443084F8453084F8E1
:10B1B000463084F8473084F83D30002010BD80F8D8
:10B1C0003C20F8F75BFBD7E70120704770B310B560
:10B1D00090F83D30044603F0FF0213B321460223EA
:10B1E00084F83D3051F8040BFFF77CFF012384F80D
:10B1F000483084F83E3084F83F3084F8403084F89A
:10B20000413084F8423084F8433084F8443084F884
:10B21000453084F8463084F8473084F83D300020CB
:10B2200010BD80F83C20FFF723FED7E701207047D0
:10B23000002851D0F8B590F83D300D46044603F093
:10B24000FF02002B43D02146022384F83D3051F801
:10B25000040B836823F4A03323F007038360FFF714
:10B2600041FF86688369A969AA682F6A23F440733D
:10B2700023F0030342EA01221A432B69E9691B0107
:10B2800043EA0123E96822F47C420B4322F0FC02EA
:10B2900043EA0733016A6F6913436A6821F0AA0120
:10B2A00042EA071211432A6816430122866083612D
:10B2B000016284F8482084F83E2084F83F2084F816
:10B2C000442084F8452084F83D200020F8BD80F813
:10B2D0003C20F8F79FFAB6E701207047036A026A3C
:10B2E00022F01002026270B4446882690D6822F094
:10B2F000807222F4E64242EA05228D6823F02003A0
:10B3000043EA0513114DA84215D005F5A055A842F2
:10B3100002D00F4DA84207D1D1E9056524F440645D
:10B3200046EA050C44EA8C0449684460826170BCBA
:10B33000816303627047056A25F040050562CD68A8
:10B3400023F0800343EA0513E6E700BF002C014029
:10B350000044014038B590F83C30012B7CD00123EB
:10B3600004460D4680F83C30142A0CD8DFE802F081
:10B37000220B0B0B320B0B0B430B0B0B530B0B0B5F
:10B38000640B0B0B10000120002384F83C3038BD07
:10B390000068FFF77FFC436D2A6943F4006343654F
:10B3A000436D23F480634365436D43EA02234365A1
:10B3B0000020E9E70068FFF7A3FB83692A6943F0EF
:10B3C00008038361836923F0040383618369134362
:10B3D0008361EDE70068FFF781FF83692A6943F421
:10B3E00000638361836923F480638361836943EA33
:10B3F00002238361DCE70068FFF7B8FBC3692A69B1
:10B4000043F00803C361C36923F00403C361C36944
:10B410001343C361CCE70068FFF7E2FBC3692A6905
:10B4200043F40063C361C36923F48063C361C369E8
:10B4300043EA0223C361BBE70068FFF7FFFB436DEC
:10B440002A6943F008034365436D23F00403436511
:10B45000436D13434365ABE7022038BD90F83C20B1
:10B46000012A2BD070B40346154D0068022283F8E0
:10B470003D20A84242680E68846816D022F070020F
:10B480003243B0F1804F426002D00E4A904204D164
:10B490008A6824F08004144384600020012283F829
:10B4A0003D2083F83C0070BC70474D6822F4700268
:10B4B0002A4322F0700232434260E9E702207047DB
:10B4C000002C014000400140026852E8003F23F494
:10B4D000907342E800310029F7D102F1080353E8E4
:10B4E000003F23F0010302F1080C4CE80031002971
:10B4F000F3D1036E012B06D000232022C0F8802058
:10B5000083660366704752E8003F23F0100342E869
:10B5100000310029F0D052E8003F23F0100342E848
:10B5200000310029EFD1E7E770B5C66F202E22D198
:10B530000446F1B11346E2B1A0F852200022C164E2
:10B54000C0F88420A0F85030006F2125E5672568F9
:10B55000A0B1826305F12802104DC562104D05634C
:10B56000104D4563FDF78EFC38B11023C4F88430CC
:10B57000E667012070BD022070BD256840232B6264
:10B5800005F1080353E8003F43F0800305F108018B
:10B5900041E80032002AF3D1002070BDC9B600088E
:10B5A0000DB7000821B70008026810B5044652E83C
:10B5B000003F23F0C00342E800310029F7D193682F
:10B5C0001B0603D42023E367002010BD02F108030B
:10B5D00053E8003F23F0800302F1080040E8003107
:10B5E0000029F3D1206F0028ECD000238363FDF7FE
:10B5F00095FC0028E6D0206FFDF732FD2028E1D130
:10B600001023C4F88430032010BD00BF036810B5B8
:10B61000044653E8002F22F4907243E800210029E9
:10B62000F7D103F1080252E8002F22F0010203F1E2
:10B63000080040E800210029F3D1226E012A25D01C
:10B64000996849061A460CD40F23136293690021A6
:10B6500043F0080320209361C4F880000846216667
:10B6600010BD03F1080252E8002F22F0400203F15E
:10B67000080040E800210029F3D1606FB8B1002331
:10B680008363FDF74BFCA0B92268DDE753E8002F88
:10B6900022F0100243E800210029D1D053E8002F06
:10B6A00022F0100243E800210029EFD1C8E71A4632
:10B6B000CAE7606FFDF7D4FC2028E5D11023C4F859
:10B6C0008430032010BD00BF08B50368806A1B6882
:10B6D0009B0615D4026802F1080353E8003F23F0EB
:10B6E000800302F1080040E800310029F3D152E85C
:10B6F000003F43F0400342E800310029F7D108BD84
:10B70000FAF732FA08BD00BF704700BF08B5806A7B
:10B71000FFF7FAFF08BD00BF704700BF704700BFCA
:10B72000806A0268C16F10B5D0F8804093681B062C
:10B7300001D521290DD093685B0601D5222C13D0A9
:10B74000D0F8843043F01003C0F88430FAF718FAC8
:10B7500010BD52E8003F23F0C00342E80031002949
:10B76000F7D12023C367E6E7FFF7AEFEE8E700BFA7
:10B7700008B5806AFAF704FA08BD00BF0368DA6901
:10B78000196840F60F0C12EA0C0F2DE9F0419D6884
:10B79000044653D1970602D58E0600F1BC80206E78
:10B7A000012825D0D00202D56F0200F1B98016061B
:10B7B00015D4500601D54A0601D4BDE8F08153E8FE
:10B7C000002F22F0400243E800210029F7D1202277
:10B7D0000023E267E3662046FAF7C6F9EDE70D06B7
:10B7E000E7D5E36E002BE8D02046BDE8F0411847CE
:10B7F000D606D7D5C806D5D510221A629968B4F8EE
:10B8000058204F0640F1DD80606F0568696889B295
:10B81000002900F04181914280F03E81A4F85A1045
:10B8200029688E0640F1028102236366B4F85A103B
:10B83000511A204689B2FAF7A1F9BEE715F00107BF
:10B840001E4640F0978098480142A8D0D5070FD5F2
:10B85000C80540F1B28001201862D4F8840040F09D
:10B860000100C4F88400900766D5002F40F0868060
:10B87000550778D5170700F1958015050AD54801B9
:10B8800008D54FF400601862D4F8843043F02003E8
:10B89000C4F88430D4F88430002B8ED0920602D5C0
:10B8A0008B0600F18280D4F88420B36802F028026D
:10B8B00003F0400353EA0205204600F0E880FFF75A
:10B8C00003FEB3685F0666D506F1080353E8003F40
:10B8D00023F0400306F1080141E8003262B1236819
:10B8E00003F1080252E8002F22F0400203F10800A1
:10B8F00040E800210029F3D1606F00284BD06B4B4A
:10B900008363FDF731FB00283FF457AF606FBDE85C
:10B91000F041836B1847836E002B7FF466AF4CE7D2
:10B920004FF4801220461A62BDE8F04100F09ABB45
:10B93000C80590D4950721D4500714D5002F99D06D
:10B9400004201862D4F88400150740F00200C4F8FF
:10B95000840092D508201862D4F8840040F00800D2
:10B96000C4F8840089E7100787D501F02000384328
:10B9700083D0EFE7D507DBD4900710D502201862FB
:10B98000D4F88400570740F00400C4F88400D7D4EA
:10B990001007DFD471E72046FAF7F2F80DE75707F2
:10B9A000CED4F5E78D06D5D467E7A36E002B3FF420
:10B9B0007AAF20469847266875E795073FF558AF58
:10B9C000BAE7B4F85A00B4F85A1089B280B2002924
:10B9D0003FF4F3AE121A91B200293FF4EEAE53E8F1
:10B9E000002F22F4907243E800200028F7D103F1E1
:10B9F000080252E8002F22F0010203F1080545E891
:10BA000000200028F3D12022C4F88020A066206600
:10BA100053E8002F22F0100243E800200028F7D15D
:10BA2000022363662046FAF7A9F8C6E653E8002F1A
:10BA300022F4807243E800210029F7D103F10802C3
:10BA400052E8002F22F0010203F1080545E8002129
:10BA50000029F3D103F1080252E8002F22F040023E
:10BA600003F1080545E800210029F3D12022C4F89C
:10BA70008020216653E8002F22F0100243E80021C5
:10BA80000029F7D1FDF74AFAB4F85820CCE6FAF7C6
:10BA900077F8C4F8845090E691427FF48EAE2B681C
:10BAA0009D067FF58AAEBBE72001000471B7000850
:10BAB00008B50346806A01224266026E012A12D14D
:10BAC000B0F858101B684A08A0F85A205B689BB26F
:10BAD000994228BFA0F85A30B0F85A30C91A89B232
:10BAE000FAF74CF808BDFFF719FE08BD10B5046859
:10BAF000806A23689B0626D4036853E8002F22F44B
:10BB0000807243E800210029F7D103F1080252E8CE
:10BB1000002F22F0010203F1080C4CE8002100295B
:10BB2000F3D103F1080252E8002F22F0400203F1A2
:10BB3000080C4CE800210029F3D12022C0F8802015
:10BB4000026E012A13D000234366036E012B1FD11E
:10BB50006368B0F858109BB2994288BFA0F85A3079
:10BB6000B0F85A30C91A89B2FAF708F810BD53E88C
:10BB7000002F22F0100243E800210029E3D053E80F
:10BB8000002F22F0100243E800210029EFD1DAE76C
:10BB9000FFF7C2FD10BD00BF38B5044602688368D8
:10BBA00000696169156803430B43E0696449034315
:10BBB00029400B4313605368E16823F440530B435F
:10BBC000604953608A42A36991682FD0256A21F4A5
:10BBD00030612B430B435C4993608A4212D15B4B2B
:10BBE000D3F8883003F00303022B58D0032B42D044
:10BBF000012B59D0B0F5004F7ED0FEF79FF90028F9
:10BC00004BD03DE0524B9A4230D103F5E633D3F8A6
:10BC1000883003F00C030C2B28D8DFE803F06527ED
:10BC2000272745272727402727272C0021F4306185
:10BC30000B4346489360D0F8883003F44063B3F573
:10BC4000006F39D005D8002B38D0FDF747FD28B953
:10BC500023E0B3F5406F09D14FF40040626802EB76
:10BC60004203834202D8B0EB023F2CD901200023CB
:10BC7000C4E91A3338BDB0F5004F5ED04FF4004030
:10BC800063684FF6EF7200EB5300B0FBF3F0A0F1E6
:10BC900010039342EAD82368D8600020E7E7B0F5A4
:10BCA000004F48D02B48EBE7B0F5004F3DD0FDF7F3
:10BCB00015FD0028F1D0E3E72648CFE7FEF72CF981
:10BCC0000028CBD1E9E7510800238C464FF480755A
:10BCD0001946E0FB05C16046F5F758FF1E4BA0F57D
:10BCE00040729A42C2D8D6E7B0F5004F20D0FEF796
:10BCF00013F90028D1D0C3E7FEF720F90028CCD0F3
:10BD0000430062684FF6EF7103EB5203B3FBF2F3AB
:10BD1000A3F110028A42A9D823F00F02216892B23F
:10BD2000C3F342031343CB60B7E7FDF7D7FCE5E766
:10BD3000FEF7F2F8E2E7094BE3E74FF48033E0E780
:10BD4000F369FFEF0080004000380140001002401E
:10BD5000004400400024F400FFFC0F000048E8010C
:10BD6000436A1A0710B406D50168446B4A6822F486
:10BD7000004222434A60DC0706D50168846A4A68AB
:10BD800022F4003222434A60990706D50168C46A4A
:10BD90004A6822F4803222434A605A0706D5016875
:10BDA000046B4A6822F4802222434A60DC0606D5EE
:10BDB0000168846B8A6822F4805222438A60990663
:10BDC00006D50168C46B8A6822F4005222438A6057
:10BDD0005A0609D50168046C4A6822F4801222438D
:10BDE000B4F5801F4A600BD01B0606D50268816C33
:10BDF000536823F400230B4353605DF8044B7047F2
:10BE00004A68446C22F4C00222434A60ECE700BF57
:10BE10002DE9F843089F0C460168064615469846EA
:10BE2000CA6934EA02020CBF01220022AA4209D1E7
:10BE3000781C0BD1CB6934EA03030CBF0123002328
:10BE4000AB42F7D000231846BDE8F883FBF738FD76
:10BE5000A0EB0800B8421AD8CFB131680B685A0776
:10BE6000DED5802CDCD0402CDAD0CB6913F0080969
:10BE70000FD1CA691305D3D54FF400620A62304668
:10BE8000FFF722FB2022C6F8842086F8789003234F
:10BE9000D9E708240C623046FFF716FB0022012385
:10BEA000C6F8844086F87820CDE700BF70B5044618
:10BEB000002682B0C0F88460FBF702FD23681A6890
:10BEC000120705460FD41B685B0725D400232022E8
:10BED000E2671846C4F8802023666366002384F86E
:10BEE000783002B070BD6FF07E4300933246034657
:10BEF0004FF400112046FFF78BFF23680028E2D0A3
:10BF000053E8002F22F0800243E800210029F7D1F6
:10BF10002023E3670320E1E76FF07E4300930022D4
:10BF20002B464FF480012046FFF772FF0028CDD04A
:10BF3000236853E8002F22F4907243E8002100297F
:10BF4000F7D103F1080252E8002F22F0010203F1B9
:10BF5000080040E800210029F3D12023C4F88030F4
:10BF6000D8E700BF70B3C36F10B504462BB3226887
:10BF7000616A2423E367136823F001031360C1B9E6
:10BF80002046FFF709FE012811D023685A6822F4E1
:10BF900090425A609A6822F02A029A601A6842F027
:10BFA000010220461A60BDE81040FFF77FBF012064
:10BFB00010BD2046FFF7D4FEE2E780F87830F7F7AF
:10BFC00053FDD4E70120704738B5054613462220BB
:10BFD0000022C5F88420C5F88000686F2C68696568
:10BFE000A5F8583068B182630A4604F124011A4C5E
:10BFF000C4621A4C04631A4C4463FCF743FF18BB39
:10C000002C682B693BB154E8003F43F4807344E84B
:10C010000032002AF7D104F1080353E8003F43F04F
:10C02000010304F1080141E80032002AF3D104F1D0
:10C03000080353E8003F43F0400304F1080242E8DC
:10C0400000300028F3D138BD10222023C5F8842009
:10C050000120C5F8803038BDEDBA0008B1BA00083B
:10C0600021B70008704700BF70B5D0F88060202E5F
:10C0700003D101B11AB9012070BD022070BD0123A6
:10C080000366002343660446FFF79EFF0028F3D1B2
:10C09000236E012BEFD122681023136252E8003F78
:10C0A00043F0100342E800310029F7D170BD00BF12
:10C0B000DFF834D0F7F70EFB0C480D490D4A00238A
:10C0C00002E0D458C4500433C4188C42F9D30A4A4D
:10C0D0000A4C002301E013600432A242FBD3F5F7BF
:10C0E000CDFEF7F7C7F9FEE70000012000000020B1
:10C0F00084000020FCCB000888000020C0AF002096
:10C10000FEE70000F8B500BFF8BC08BC9E467047CB
:0CC11000F8B500BFF8BC08BC9E467047A4
:10C12000000000000000F03F59F3F8C21F6EA501A7
:10C13000000FC93F000F494000CB9640000FC94097
:10C140000053FB4000CB164100ED2F41000F494149
:10C150000031624100537B41003A8A4100CB964155
:10C16000005CA34100EDAF41007EBC41000FC9411E
:10C1700000A0D5410031E24100C2EE410053FB4135
:10C1800000F20342003A0A420083104200CB1642FA
:10C1900000141D42005C234200A5294200ED2F42FD
:10C1A00000363642007E3C4200C74242000F494200
:10C1B000A2000000F9000000830000006E000000F3
:10C1C0004E0000004400000015000000290000009F
:10C1D000FC0000002700000057000000D100000014
:10C1E000F500000034000000DD000000C000000089
:10C1F000DB000000620000009500000099000000D4
:10C200003C000000430000009000000041000000DE
:10C21000FE0000005100000063000000AB000000C1
:10C22000DE000000BB000000C5000000610000004F
:10C23000B7000000240000006E0000003A0000007B
:10C24000420000004D000000D2000000E0000000AD
:10C2500006000000490000002E000000EA00000077
:10C2600009000000D1000000920000001C00000046
:10C27000FE0000001D000000EB0000001C0000009C
:10C28000B100000029000000A70000003E000000EF
:10C29000E80000008200000035000000F50000000A
:10C2A0002E000000BB0000004400000084000000DD
:10C2B000E90000009C000000700000002600000063
:10C2C000B40000005F0000007E000000410000009C
:10C2D0003900000091000000D60000003900000085
:10C2E000830000005300000039000000F40000004B
:10C2F0009C000000840000005F0000008B00000034
:10C30000BD000000F9000000280000003B00000014
:10C310001F000000F800000097000000FF00000070
:10C32000DE00000005000000980000000F00000083
:10C33000EF0000002F000000110000008B00000043
:10C340005A0000000A0000006D0000001F000000FD
:10C350006D000000360000007E000000CF000000ED
:10C3600027000000CB00000009000000B70000001B
:10C370004F000000460000003F0000006600000083
:10C380009E0000005F000000EA0000002D00000099
:10C390007500000027000000BA000000C700000080
:10C3A000EB000000E5000000F10000007B00000051
:10C3B0003D0000000700000039000000F700000009
:10C3C0008A0000005200000092000000EA00000015
:10C3D0006B000000FB0000005F000000B1000000E7
:10C3E0001F0000008D0000005D000000080000003C
:10C3F000560000000300000030000000460000006E
:10C40000FC0000007B0000006B000000AB0000009F
:10C41000F0000000CF000000BC0000002000000081
:10C420009A000000F4000000360000001D0000002B
:10C43000A9000000E300000091000000610000007E
:10C440005E000000E60000001B0000000800000085
:10C450006500000099000000850000005F000000FA
:10C4600014000000A0000000680000004000000070
:10C470008D000000FF000000D800000080000000D8
:10C480004D00000073000000270000003100000094
:10C490000600000006000000150000005600000025
:10C4A000CA00000073000000A8000000C9000000DE
:10C4B00060000000E20000007B000000C0000000FF
:10C4C0008C0000006B00000004000000070000006A
:10C4D000090000000000C93F0000F0390000DA3711
:10C4E0000000A2330000842E0000502B0000C22761
:10C4F0000000D0220000C41F0000C61B000044172B
:10C50000A0860100400D0300801A060000350C00D3
:10C5100040420F0080841E0000093D0000127A0096
:10C520000024F40000366E010048E801006CDC02D3
:10C5300000000000010203040000000000000000F1
:10C540000102030406070809C53E0008053F00086C
:10C5500000000000000000000100000002000000D8
:10C5600003000000040000000500000006000000B9
:10C570000700000074696D656261736520636F6E0A
:10C58000666967757265206661696C6564000000A4
:10C59000666C61736800000064656661756C7400A8
:10C5A000626F6F742066772025752E25752E257590
:10C5B000206661756C74733D30782530326C78205C
:10C5C000766464613D256C646D562073657474698E
:10C5D0006E67733D257300003356330033305600C9
:10C5E00035305600256C757300000000256C756DA4
:10C5F00073000000256C757573000000256C756E66
:10C60000730000002D0000002D2D2D002573256CDA
:10C6100064257325730000002573256C642E253076
:10C620002A6C6425732573002573256C642E256C94
:10C6300064252500484F4C440000000053474C201F
:10C640000000000052554E200000000053544F508F
:10C65000000000007F000000800000005761697446
:10C660000000000054726967000000004175746F9B
:10C67000000000002F00000056000000434C49500D
:10C6800000000000555342006E6F207265636F72A8
:10C6900064000000487A0000505020252D36732099
:10C6A000415620252D3673204620257300000000BA
:10C6B000524D5320252D3673204420257300000051
:10C6C00050524520257525250000000047454E2085
:10C6D0004F4646002573202573000000424C20255C
:10C6E0007525250053494E005351520054524900BC
:10C6F0004155544F000000004E4F524D00000000C5
:10C70000534E474C00000000232D302B200000002A
:10C71000686C4C006566674546470000303132332F
:10C72000343536373839414243444546000000002D
:10C730003031323334353637383961626364656697
:10C7400000000000D8C500080000803F0000000085
:10C7500000000000DCC500087B14D4419A79C6446F
:10C7600001000000E0C50008DDA42442CD3CC9441E
:10C7700001000000000000006410B71DC8206E3BDF
:10C78000AC30D9269041DC76F4516B6B5861B24DD8
:10C790003C7105502083B8ED44930FF0E8A3D6D642
:10C7A0008CB361CBB0C2649BD4D2D38678E20AA0AA
:10C7B0001CF2BDBD000000000000005F000000078B
:10C7C000000700147F147F14242A7F2A12231308E1
:10C7D000646236495522500005030000001C2241C6
:10C7E000000041221C00082A1C2A0808083E0808EC
:10C7F00000503000000808080808006060000020B1
:10C80000100804023E5149453E00427F400042610B
:10C810005149462141454B311814127F1027454597
:10C8200045393C4A494930017109050336494949AE
:10C8300036064949291E00363600000056360000EB
:10C840000814224100141414141400412214080284
:10C8500001510906324979413E7E1111117E7F490D
:10C860004949363E414141227F4141221C7F49498D
:10C8700049417F090909013E4149497A7F08080871
:10C880007F00417F41002040413F017F0814224149
:10C890007F404040407F020C027F7F0408107F3EB3
:10C8A0004141413E7F090909063E4151215E7F0910
:10C8B000192946464949493101017F01013F40405C
:10C8C000403F1F2040201F3F4038403F6314081462
:10C8D0006307087008076151494543007F414100E3
:10C8E00002040810200041417F00040201020440BC
:10C8F00040404040000102040020545454787F48D6
:10C900004444383844444420384444487F385454DC
:10C910005418087E0901020C5252523E7F0804044A
:10C920007800447D40002040443D007F10284400B2
:10C9300000417F40007C041804787C0804047838A7
:10C94000444444387C14141408081414187C7C08DB
:10C950000404084854545420043F4440203C4040C0
:10C96000207C1C2040201C3C4030403C44281028A7
:10C97000440C5050503C4464544C44000836410030
:10C9800000007F000000413608000804081008403D
:10C99000407F010101017F404000000020000000B5
:10C9A00000040048010000004000000000040048AE
:10C9B00002000000800000000004004803000000A6
:10C9C0000004000000000048040000000000000017
:10C9D0000000000000000000000000000000000057
:10C9E0000000000000000000000000000000000047
:10C9F0000000000000000000000000000000000037
:10CA00000000000000000000000000000000000026
:10CA10000000000000000000000000000000000016
:10CA20000000000000000000000000000000000006
:10CA300000000000000000000000000000000000F6
:10CA400000000000000000000000000000000000E6
:10CA500000000000000000000000000000000000D6
:10CA600000000000000000000000000000000000C6
:10CA700000000000000000000000000000000000B6
:10CA800000000000000000000000000030019401E0
:10CA90003202AE013101D7019F00320100000100D6
:10CAA00003005101FB00300120010B001402810141
:10CAB00012000300CA0100005F000000F001100036
:10CAC000BC0100000C01A601AF01FFFF313233347D
:10CAD000353637383900000064000000E8030000F4
:10CAE0001027000005000D00190031005F00B9009B
:10CAF000EF010105100000008813000000000F0086
:10CB00000000C8001027000000000F000000900186
:10CB1000204E000000000F000000200350C3000062
:10CB200000000F000000D007A086010000000F00E9
:10CB30000000A00F400D030000000F000000401F88
:10CB400020A10700000014000100863B40420F00B6
:10CB5000000029000300863B80841E000000530073
:10CB60000400863B404B4C000000D0000500CF3B4A
:10CB7000809698000000A0010600F33B002D3101D3
:10CB8000000041030700F33B80F0FA020000230895
:10CB90000700FB3B00E1F505000046100700FE3BE7
:10CBA00000C2EB0B00008D200700FE3B0065CD1D91
:10CBB000000061510700FF3B706E756D006B4D47C3
:10CBC000D0C60008E4C60008E8C60008ECC60008A5
:10CBD000F0C60008F8C6000800C700080C000000F6
:0CCBE0001200000018000000000100001E
:08CBEC00D04FFF7F01000000A3
:04CBF400290200080A
:04CBF800010200082E
:10CBFC000400002000000000A40000200C01002014
:10CC0C007401002000000000000000000000000083
:10CC1C000000000000000000000000000000000008
:10CC2C0000000000000000000000000000000000F8
:10CC3C0000000000000000000000000000000000E8
:10CC4C0000093D0000404E450000FFFF01010000BF
:10CC5C0010000000000000000000000000000000B8
:10CC6C0000000000010000000000000000000000B7
:04CC7C0000000000B4
:040000050800C0B17E
:00000001FF
